"","po_no","po_date","sku","po_count","unit_cost"
"1","p00001",2021-01-27,"IEWCNSP",100,45
"2","p00002",2021-01-31,"FYFYACV",100,41
"3","p00003",2021-01-31,"PUDBCRY",100,34
"4","p00004",2021-02-01,"BIDMHPP",100,25
"5","p00005",2021-02-01,"ROTLPKY",100,44
"6","p00006",2021-02-03,"HPBXEHQ",100,31
"7","p00007",2021-02-03,"FRGNNQE",100,27
"8","p00008",2021-02-04,"QZYWKWM",100,30
"9","p00009",2021-02-04,"JNICTAY",100,31
"11","p00011",2021-02-05,"LSOVTAZ",100,38
"12","p00012",2021-02-05,"VXEHQDI",100,27
"13","p00013",2021-02-06,"OEMBOTA",100,26
"14","p00014",2021-02-06,"DGRQBWZ",100,38
"15","p00015",2021-02-07,"DMSMFUG",100,28
"16","p00016",2021-02-08,"YKHCWFU",100,33
"17","p00017",2021-02-09,"DJXBTMZ",100,26
"18","p00018",2021-02-09,"BLLNUHU",100,32
"19","p00019",2021-02-10,"HKSIHTF",100,38
"20","p00020",2021-02-10,"EAJJSGD",100,26
"21","p00021",2021-02-10,"JZYSCOB",100,27
"22","p00022",2021-02-10,"XUNWJQA",100,43
"23","p00023",2021-02-10,"AUNXHDX",100,25
"24","p00024",2021-02-11,"QFZOBTR",100,23
"25","p00025",2021-02-11,"QTRIZYW",100,28
"26","p00026",2021-02-12,"SPZNAGA",100,28
"27","p00027",2021-02-13,"ERFSOLQ",100,29
"29","p00029",2021-02-14,"YYQNULM",100,41
"30","p00030",2021-02-14,"OVWKQJD",100,24
"31","p00031",2021-02-14,"QYUVOOW",100,28
"32","p00032",2021-02-14,"CXPXQVN",100,20
"33","p00033",2021-02-14,"HECJLGC",100,34
"34","p00034",2021-02-14,"HVORRYT",100,33
"35","p00035",2021-02-14,"IBVDHQY",100,34
"36","p00036",2021-02-14,"ZGVDTEK",100,33
"38","p00038",2021-02-16,"OGJGSMA",100,38
"39","p00039",2021-02-16,"AQGBUFS",100,25
"40","p00040",2021-02-16,"KIWWRLF",100,31
"41","p00041",2021-02-16,"YAWXMBW",100,24
"42","p00042",2021-02-17,"BSVFBDD",100,25
"43","p00043",2021-02-17,"WXUHQKN",100,23
"44","p00044",2021-02-17,"JIKQUWT",100,34
"46","p00046",2021-02-18,"TFGSIIP",100,29
"47","p00047",2021-02-18,"GSFWBUM",100,28
"48","p00048",2021-02-18,"GGSPOKR",100,25
"49","p00049",2021-02-18,"ZIOKYJU",100,29
"50","p00050",2021-02-18,"ZMVYMSL",100,30
"51","p00051",2021-02-18,"TBDSHMI",100,41
"52","p00052",2021-02-19,"JNUQWRR",100,28
"53","p00053",2021-02-19,"YXZSNIC",100,34
"54","p00054",2021-02-19,"DSHGXTW",100,32
"55","p00055",2021-02-19,"VWCHLHC",100,32
"56","p00056",2021-02-19,"SKOIKDV",100,34
"57","p00057",2021-02-19,"YCKJQUQ",100,25
"58","p00058",2021-02-19,"NMZJCRZ",100,31
"59","p00059",2021-02-19,"UVAFIBT",100,39
"60","p00060",2021-02-20,"DVVTXXD",100,36
"61","p00061",2021-02-20,"KQLRBPG",100,26
"62","p00062",2021-02-20,"HNCLGJR",100,33
"63","p00063",2021-02-20,"JCWXKIX",100,36
"64","p00064",2021-02-21,"YEDIVIG",100,35
"65","p00065",2021-02-21,"LZPJINE",100,30
"66","p00066",2021-02-21,"QPLYRZV",100,18
"67","p00067",2021-02-21,"HQLCKYQ",100,28
"68","p00068",2021-02-21,"FYROZUB",100,28
"69","p00069",2021-02-22,"IDGYCBC",100,26
"70","p00070",2021-02-22,"UPLNPQK",100,25
"71","p00071",2021-02-22,"BAYIRTP",100,33
"72","p00072",2021-02-22,"AMLFWVI",100,22
"73","p00073",2021-02-22,"EQUSJXR",100,28
"74","p00074",2021-02-22,"ZSVMNTO",100,28
"75","p00075",2021-02-22,"IUIJPPK",100,28
"76","p00076",2021-02-23,"MGIWSUV",100,27
"77","p00077",2021-02-23,"NWFLJEL",100,28
"78","p00078",2021-02-23,"PDOROIS",100,30
"79","p00079",2021-02-23,"BVBHYVP",100,30
"80","p00080",2021-02-23,"GGZXOCK",100,29
"81","p00081",2021-02-24,"MCKIGJK",100,41
"83","p00083",2021-02-24,"ZJCESRZ",100,31
"84","p00084",2021-02-24,"WNRXNTY",100,46
"85","p00085",2021-02-25,"GFJLRUJ",100,15
"86","p00086",2021-02-25,"PJIIAXD",100,35
"87","p00087",2021-02-25,"KCQLSNA",100,25
"88","p00088",2021-02-25,"GACKUWU",100,29
"89","p00089",2021-02-26,"CJDWKVI",100,38
"90","p00090",2021-02-26,"SFOBAQW",100,30
"91","p00091",2021-02-26,"VEHGARM",100,32
"92","p00092",2021-02-26,"DWOLSSW",100,34
"93","p00093",2021-02-26,"ZTZSZUC",100,32
"94","p00094",2021-02-27,"GXPRDLH",100,25
"95","p00095",2021-02-27,"QFCFHCP",100,33
"96","p00096",2021-02-27,"RIWCMEQ",100,24
"97","p00097",2021-02-28,"KEGAYLX",100,27
"98","p00098",2021-02-28,"SARYBPA",100,26
"99","p00099",2021-02-28,"CHKBIFL",100,23
"100","p00100",2021-02-28,"DKHDSFJ",100,30
"101","p00101",2021-02-28,"PCIQYVA",100,34
"102","p00102",2021-03-01,"FCGLFWA",100,19
"103","p00103",2021-03-01,"ETMXEKN",100,30
"104","p00104",2021-03-01,"HQUVZEJ",100,35
"105","p00105",2021-03-01,"VKXJOXA",100,28
"107","p00107",2021-03-01,"NEGIGAL",100,27
"108","p00108",2021-03-01,"PACBZDC",100,27
"109","p00109",2021-03-01,"FFTGBWM",100,23
"110","p00110",2021-03-02,"EAYSXBJ",100,37
"112","p00112",2021-03-02,"BKSBMYF",100,30
"113","p00113",2021-03-02,"KCLOMUE",100,35
"114","p00114",2021-03-03,"DDFGJXI",100,28
"115","p00115",2021-03-03,"UCAGHHN",100,33
"116","p00116",2021-03-03,"QHLCGDQ",100,32
"117","p00117",2021-03-03,"NTSXPWQ",100,31
"118","p00118",2021-03-03,"QVTPKNI",100,18
"119","p00119",2021-03-03,"VGYGOLP",100,29
"120","p00120",2021-03-03,"CMWWCGG",100,27
"121","p00121",2021-03-03,"FDCZBKW",100,32
"122","p00122",2021-03-03,"LQXTBPT",100,33
"123","p00123",2021-03-03,"KLCEZWA",100,33
"124","p00124",2021-03-03,"MTZODDC",100,31
"125","p00125",2021-03-03,"ACXRMSE",100,29
"126","p00126",2021-03-03,"NKZFWFQ",100,31
"127","p00127",2021-03-03,"EMLLQRV",100,28
"128","p00128",2021-03-04,"KCYZSOM",100,30
"129","p00129",2021-03-04,"HNZJPIU",100,32
"130","p00130",2021-03-04,"FMSQQSJ",100,24
"131","p00131",2021-03-04,"MEMFKFK",100,23
"132","p00132",2021-03-04,"MUDTEMC",100,27
"133","p00133",2021-03-04,"NSFAATW",100,25
"134","p00134",2021-03-04,"TNGDHJP",100,44
"135","p00135",2021-03-04,"NKYFQFQ",100,19
"136","p00136",2021-03-04,"HGUTUBT",100,29
"138","p00138",2021-03-05,"PNJLBGS",100,31
"139","p00139",2021-03-05,"FCSGCTT",100,26
"140","p00140",2021-03-05,"YADKWWI",100,20
"141","p00141",2021-03-06,"AJKORUO",100,30
"142","p00142",2021-03-06,"HYDZHHX",100,19
"143","p00143",2021-03-06,"YXIUTSP",100,33
"144","p00144",2021-03-06,"SQSGJKE",100,40
"145","p00145",2021-03-06,"NVAGCBN",100,27
"146","p00146",2021-03-06,"JPLILCW",100,24
"147","p00147",2021-03-06,"ZJIDQTG",100,29
"148","p00148",2021-03-06,"KIVAAKN",100,27
"149","p00149",2021-03-06,"ROTJPDH",100,30
"150","p00150",2021-03-07,"BDVQXSF",100,42
"151","p00151",2021-03-07,"IMMLUJJ",100,31
"153","p00153",2021-03-08,"DTUWRLA",100,29
"154","p00154",2021-03-08,"WVSHLRI",100,36
"155","p00155",2021-03-08,"UVIRWZC",100,30
"156","p00156",2021-03-08,"XWRSXHK",100,35
"157","p00157",2021-03-08,"OMSXKPH",100,25
"158","p00158",2021-03-08,"KVRTWFJ",100,30
"159","p00159",2021-03-09,"AQWFHRW",100,34
"160","p00160",2021-03-09,"NDFNKYB",100,24
"161","p00161",2021-03-09,"FOWPCBN",100,34
"162","p00162",2021-03-09,"BGDWUIJ",100,35
"163","p00163",2021-03-09,"DKSFRAH",100,40
"164","p00164",2021-03-09,"PARIMCC",100,25
"165","p00165",2021-03-09,"TWSIBSU",100,43
"166","p00166",2021-03-10,"ACNQHRE",100,27
"168","p00168",2021-03-10,"PCNNLXK",100,21
"169","p00169",2021-03-10,"UBQIHGU",100,31
"170","p00170",2021-03-10,"JYUIKCU",100,31
"172","p00172",2021-03-11,"YRCHVMJ",100,26
"173","p00173",2021-03-11,"SLOJNZH",100,25
"174","p00174",2021-03-11,"PXVVWZZ",100,23
"175","p00175",2021-03-11,"TOVKPDX",100,32
"176","p00176",2021-03-11,"XVFHYMW",100,34
"177","p00177",2021-03-11,"ZOWEBTG",100,32
"178","p00178",2021-03-11,"REIICRG",100,38
"179","p00179",2021-03-11,"VDXSZXM",100,26
"180","p00180",2021-03-11,"YRLPJEU",100,33
"182","p00182",2021-03-11,"FYICYTJ",100,27
"183","p00183",2021-03-11,"QUJTJNL",100,44
"184","p00184",2021-03-11,"WFLLQKF",100,24
"185","p00185",2021-03-11,"DXXKKWE",100,29
"186","p00186",2021-03-12,"MSGVMAQ",100,31
"187","p00187",2021-03-12,"VPVQLMA",100,33
"188","p00188",2021-03-12,"RTCJBOE",100,31
"189","p00189",2021-03-12,"FMEOJSB",100,30
"190","p00190",2021-03-12,"MWDUTZC",100,32
"191","p00191",2021-03-12,"QHPAWDT",100,34
"192","p00192",2021-03-12,"AYCAFJC",100,30
"193","p00193",2021-03-12,"CWNGGXE",100,32
"194","p00194",2021-03-13,"VXEFQOX",100,28
"195","p00195",2021-03-13,"RAROIEH",100,43
"196","p00196",2021-03-13,"AAFPBGX",100,39
"197","p00197",2021-03-13,"ITEEXNA",100,34
"198","p00198",2021-03-13,"UCFFTQU",100,29
"199","p00199",2021-03-13,"GCKAJOG",100,23
"200","p00200",2021-03-13,"PBMNYBN",100,40
"201","p00201",2021-03-13,"GXBLFDO",100,19
"202","p00202",2021-03-13,"AKFLLOG",100,34
"203","p00203",2021-03-13,"VAAYGVB",100,28
"204","p00204",2021-03-13,"YLHGYSU",100,24
"205","p00205",2021-03-13,"RJONYJZ",100,25
"206","p00206",2021-03-13,"PRWHNRV",100,30
"207","p00207",2021-03-13,"CSEYOLP",100,32
"208","p00208",2021-03-13,"BIGWTBG",100,28
"209","p00209",2021-03-13,"MCPGEPL",100,28
"210","p00210",2021-03-13,"EXNJUVB",100,25
"211","p00211",2021-03-13,"NZHCUBQ",100,26
"212","p00212",2021-03-13,"VBQSFHI",100,25
"213","p00213",2021-03-13,"CDFGTPX",100,33
"214","p00214",2021-03-14,"ASIJADV",100,30
"215","p00215",2021-03-14,"EGHJPVM",100,28
"216","p00216",2021-03-14,"UNKOVEA",100,26
"217","p00217",2021-03-14,"ULBNCRK",100,31
"218","p00218",2021-03-14,"TTWUZUZ",100,37
"219","p00219",2021-03-14,"VCQHODG",100,33
"220","p00220",2021-03-15,"XXXYCPE",100,28
"221","p00221",2021-03-15,"DYQTXDW",100,28
"222","p00222",2021-03-15,"LCZIXUY",100,30
"223","p00223",2021-03-15,"TKJLTHQ",100,26
"224","p00224",2021-03-15,"AXSQMGX",100,25
"225","p00225",2021-03-15,"VWEVOEC",100,29
"226","p00226",2021-03-15,"YZYZBCK",100,24
"227","p00227",2021-03-15,"QAEKVBK",100,32
"228","p00228",2021-03-15,"YRAFUEC",100,21
"229","p00229",2021-03-16,"SMPLBAD",100,24
"230","p00230",2021-03-16,"OYFMIFZ",100,47
"231","p00231",2021-03-16,"JVLQBCP",100,26
"232","p00232",2021-03-16,"NWWCCNR",100,28
"233","p00233",2021-03-16,"NVJMQZA",100,37
"234","p00234",2021-03-16,"ZJLPOQY",100,33
"235","p00235",2021-03-16,"HSAFBZR",100,25
"236","p00236",2021-03-16,"RSFRTNX",100,25
"237","p00237",2021-03-16,"EKMTDVB",100,29
"238","p00238",2021-03-16,"HFXZFIE",100,33
"239","p00239",2021-03-16,"BLXWDOX",100,42
"240","p00240",2021-03-16,"BKSMRRP",100,27
"241","p00241",2021-03-17,"XCNFMAY",100,29
"242","p00242",2021-03-17,"HWSYXJF",100,41
"243","p00243",2021-03-17,"QAAFSNA",100,22
"244","p00244",2021-03-17,"ZHVHQQY",100,30
"245","p00245",2021-03-17,"MDWFIHZ",100,21
"246","p00246",2021-03-17,"FFUTXPP",100,27
"247","p00247",2021-03-17,"KEQMBQX",100,28
"248","p00248",2021-03-17,"DBSJXQC",100,25
"249","p00249",2021-03-17,"QJSPMCX",100,33
"250","p00250",2021-03-18,"LAETZFO",100,29
"251","p00251",2021-03-18,"LEEXFLN",100,22
"252","p00252",2021-03-18,"WKZLBWC",100,34
"253","p00253",2021-03-18,"XZNVYNB",100,23
"254","p00254",2021-03-18,"GSPSUYF",100,17
"255","p00255",2021-03-18,"FSNZUZG",100,26
"256","p00256",2021-03-18,"YQFIDDC",100,30
"257","p00257",2021-03-18,"NJFSIRL",100,27
"258","p00258",2021-03-18,"PCCJXQQ",100,33
"260","p00260",2021-03-18,"NGUWLYY",100,30
"261","p00261",2021-03-18,"JRFOCFG",100,39
"262","p00262",2021-03-18,"RZNISKM",100,29
"263","p00263",2021-03-18,"HRVYLQI",100,35
"264","p00264",2021-03-19,"SBYNXRT",100,34
"265","p00265",2021-03-19,"XJEAIAO",100,38
"266","p00266",2021-03-19,"GQKKFTP",100,34
"267","p00267",2021-03-19,"QECCKKT",100,38
"268","p00268",2021-03-19,"OPMOTZM",100,25
"269","p00269",2021-03-19,"JXLWPFU",100,30
"270","p00270",2021-03-19,"MGLEMNS",100,25
"271","p00271",2021-03-19,"CQWSBHP",100,38
"272","p00272",2021-03-19,"FOWFQEX",100,25
"274","p00274",2021-03-19,"BPQUSMP",100,26
"275","p00275",2021-03-19,"ZFWFGIX",100,34
"276","p00276",2021-03-19,"AIZQJBO",100,28
"277","p00277",2021-03-19,"LJICNCJ",100,35
"278","p00278",2021-03-20,"GQPUWVY",100,25
"279","p00279",2021-03-20,"SRGDJGI",100,34
"281","p00281",2021-03-20,"XELPZEN",100,28
"282","p00282",2021-03-20,"MUGIRQP",100,29
"283","p00283",2021-03-20,"VWMGSTZ",100,31
"284","p00284",2021-03-20,"SGNBWQN",100,39
"285","p00285",2021-03-20,"KHETMVQ",100,38
"286","p00286",2021-03-20,"OCQCTNJ",100,35
"287","p00287",2021-03-20,"MSOOMOE",100,24
"288","p00288",2021-03-20,"TMZJUAB",100,34
"289","p00289",2021-03-20,"AUPYPKB",100,25
"290","p00290",2021-03-20,"YIYWLBC",100,36
"291","p00291",2021-03-20,"FKZURXB",100,28
"292","p00292",2021-03-20,"RRNOCYR",100,26
"293","p00293",2021-03-20,"BXZWUDX",100,39
"294","p00294",2021-03-20,"SBIRYAF",100,31
"295","p00295",2021-03-20,"EKSHFFF",100,33
"296","p00296",2021-03-21,"LXDYWBP",100,36
"297","p00297",2021-03-21,"CNXUPSP",100,33
"298","p00298",2021-03-21,"XFYDYRL",100,28
"299","p00299",2021-03-21,"VXAAYIW",100,33
"300","p00300",2021-03-21,"EXWXLCR",100,30
"301","p00301",2021-03-21,"MVAARYR",100,29
"302","p00302",2021-03-21,"KGOLEPF",100,34
"303","p00303",2021-03-21,"NFITPMM",100,27
"304","p00304",2021-03-21,"SQEWGMD",100,40
"305","p00305",2021-03-21,"TFWKJKO",100,30
"306","p00306",2021-03-21,"RQEFXCH",100,28
"307","p00307",2021-03-21,"ZXOYLMM",100,31
"308","p00308",2021-03-22,"CCEXJHP",100,29
"309","p00309",2021-03-22,"VVUTCFP",100,28
"310","p00310",2021-03-22,"WYEDXHX",100,38
"311","p00311",2021-03-22,"RPXIJOC",100,40
"312","p00312",2021-03-22,"DHELEND",100,29
"313","p00313",2021-03-22,"YYZGYXC",100,32
"314","p00314",2021-03-22,"XPMQRLT",100,26
"315","p00315",2021-03-22,"JRMTIMN",100,33
"316","p00316",2021-03-22,"QQIYZNA",100,31
"317","p00317",2021-03-22,"DTGVDPA",100,41
"318","p00318",2021-03-22,"RVWHPYH",100,22
"319","p00319",2021-03-22,"TOHGWKJ",100,20
"320","p00320",2021-03-22,"UUHIVKA",100,31
"321","p00321",2021-03-22,"ZQRKKBY",100,34
"322","p00322",2021-03-22,"WKYTFIQ",100,28
"323","p00323",2021-03-22,"UOJRXQI",100,25
"324","p00324",2021-03-23,"CQYLUDX",100,30
"325","p00325",2021-03-23,"JVCHWYQ",100,21
"326","p00326",2021-03-23,"YHASPVN",100,31
"327","p00327",2021-03-23,"LAFECHF",100,28
"328","p00328",2021-03-23,"OSHEUNF",100,37
"329","p00329",2021-03-23,"TCJZEZH",100,22
"330","p00330",2021-03-23,"QGURYVS",100,38
"332","p00332",2021-03-23,"EAWPQWC",100,25
"333","p00333",2021-03-23,"JEKNFSP",100,23
"334","p00334",2021-03-23,"HWHNRLM",100,34
"335","p00335",2021-03-23,"ADTRJIC",100,35
"336","p00336",2021-03-23,"KFFPQHJ",100,23
"337","p00337",2021-03-23,"CKRSVPS",100,40
"339","p00339",2021-03-23,"KHZEJIK",100,27
"340","p00340",2021-03-24,"IRULFJS",100,32
"341","p00341",2021-03-24,"XWIVBQC",100,28
"342","p00342",2021-03-24,"RZFLQYR",100,30
"343","p00343",2021-03-24,"LUZQZTB",100,34
"344","p00344",2021-03-24,"CHPUIXH",100,29
"345","p00345",2021-03-24,"OZVFQYT",100,28
"346","p00346",2021-03-24,"YKSHAPY",100,33
"347","p00347",2021-03-24,"CVTAJDH",100,34
"348","p00348",2021-03-24,"LAHDFVE",100,21
"349","p00349",2021-03-24,"JLJCCDG",100,28
"350","p00350",2021-03-24,"SDQJMPT",100,30
"351","p00351",2021-03-25,"BBVKGVN",100,42
"352","p00352",2021-03-25,"BNCZSBG",100,24
"354","p00354",2021-03-25,"GKMUKER",100,29
"355","p00355",2021-03-25,"TPCVNKA",100,26
"356","p00356",2021-03-25,"TFTNWPP",100,33
"357","p00357",2021-03-25,"JXBKELB",100,30
"358","p00358",2021-03-26,"QIXIGKB",100,31
"359","p00359",2021-03-26,"CJBGRWO",100,32
"360","p00360",2021-03-26,"JHHKRXR",100,30
"361","p00361",2021-03-26,"TXLLIBD",100,30
"362","p00362",2021-03-26,"UQTIPFY",100,31
"363","p00363",2021-03-26,"MCNOLPW",100,34
"364","p00364",2021-03-26,"YJFIGRB",100,41
"365","p00365",2021-03-26,"FCCLMUJ",100,35
"366","p00366",2021-03-26,"COSVCQZ",100,22
"367","p00367",2021-03-26,"DNCFXFI",100,30
"368","p00368",2021-03-26,"SKSLVXC",100,37
"369","p00369",2021-03-26,"QFGDBEV",100,31
"370","p00370",2021-03-26,"RMXGKDS",100,40
"371","p00371",2021-03-27,"LDXQGDP",100,32
"372","p00372",2021-03-27,"JUICJYE",100,30
"374","p00374",2021-03-27,"ZQDOWGJ",100,22
"375","p00375",2021-03-27,"VNTYNAT",100,26
"376","p00376",2021-03-27,"NZYVDBZ",100,26
"377","p00377",2021-03-27,"AUTRSRF",100,21
"379","p00379",2021-03-27,"NAGIFVZ",100,36
"380","p00380",2021-03-27,"DNZKHES",100,27
"381","p00381",2021-03-27,"CHELCST",100,24
"382","p00382",2021-03-28,"CNWBZQG",100,27
"383","p00383",2021-03-28,"CIHTBFO",100,40
"385","p00385",2021-03-28,"QNIEQWZ",100,37
"386","p00386",2021-03-28,"HWDIAAC",100,25
"387","p00387",2021-03-28,"IFZUXDV",100,28
"388","p00388",2021-03-28,"UJMUJYN",100,36
"389","p00389",2021-03-28,"WBSAVLO",100,20
"390","p00390",2021-03-28,"DHXSUCF",100,29
"391","p00391",2021-03-28,"JTDUJAK",100,27
"393","p00393",2021-03-28,"YYGLXIS",100,33
"394","p00394",2021-03-28,"KVPMKRG",100,33
"395","p00395",2021-03-28,"DJYHXZE",100,33
"397","p00397",2021-03-28,"HHXKGEL",100,21
"398","p00398",2021-03-28,"NQYOVOP",100,39
"399","p00399",2021-03-28,"NLIQLCY",100,26
"400","p00400",2021-03-29,"TRKTUQE",100,31
"401","p00401",2021-03-29,"TTPKYJR",100,27
"402","p00402",2021-03-29,"QMHYJEX",100,42
"403","p00403",2021-03-29,"ZZXIYOG",100,22
"404","p00404",2021-03-29,"SALWCWL",100,37
"405","p00405",2021-03-29,"NLBBRRS",100,32
"407","p00407",2021-03-29,"LJWCQSE",100,22
"408","p00408",2021-03-29,"PYLGHKK",100,31
"409","p00409",2021-03-29,"RNHTFLN",100,26
"410","p00410",2021-03-29,"EHVPULC",100,26
"411","p00411",2021-03-29,"EUAGXWP",100,20
"412","p00412",2021-03-29,"ECUDQQP",100,29
"413","p00413",2021-03-30,"NYEBCLF",100,28
"415","p00415",2021-03-30,"NWJRMHP",100,25
"416","p00416",2021-03-30,"XNJZOPC",100,23
"417","p00417",2021-03-30,"RYQWXKC",100,34
"418","p00418",2021-03-30,"ATSHOYI",100,36
"420","p00420",2021-03-30,"ZHMHASO",100,30
"421","p00421",2021-03-30,"OLPNNCT",100,31
"422","p00422",2021-03-31,"SJAUHQH",100,37
"423","p00423",2021-03-31,"HQRQXTL",100,29
"424","p00424",2021-03-31,"JTKJJBA",100,27
"425","p00425",2021-03-31,"INDYBRZ",100,43
"426","p00426",2021-03-31,"XLRKWVA",100,31
"427","p00427",2021-03-31,"BYIDVQD",100,25
"429","p00429",2021-03-31,"URKXWEN",100,22
"430","p00430",2021-03-31,"TJDBHGE",100,32
"431","p00431",2021-03-31,"AMQVIAL",100,41
"432","p00432",2021-03-31,"PQEAEBU",100,40
"433","p00433",2021-03-31,"ACDOAAZ",100,27
"434","p00434",2021-03-31,"AWZROHL",100,24
"435","p00435",2021-04-01,"IGHOGDG",100,27
"436","p00436",2021-04-01,"HEEXAXP",100,25
"437","p00437",2021-04-01,"MMXSZAQ",100,36
"438","p00438",2021-04-01,"YPNPGIS",100,19
"439","p00439",2021-04-01,"KDVZVRR",100,29
"440","p00440",2021-04-01,"FOLPURS",100,37
"441","p00441",2021-04-01,"RBJRJDG",100,26
"442","p00442",2021-04-01,"WNUCCOD",100,25
"443","p00443",2021-04-01,"JRVHXUU",100,24
"444","p00444",2021-04-01,"SPMQGGV",100,29
"445","p00445",2021-04-01,"HEJPQTP",100,21
"446","p00446",2021-04-01,"JRSCBEL",100,40
"447","p00447",2021-04-01,"LZJFUOG",100,42
"448","p00448",2021-04-01,"UFPNYQU",100,26
"449","p00449",2021-04-01,"TBBKPTC",100,25
"450","p00450",2021-04-01,"MFZHIXG",100,29
"451","p00451",2021-04-01,"NQAHVIF",100,32
"452","p00452",2021-04-02,"EGEMKAV",100,27
"453","p00453",2021-04-02,"FOOULLS",100,26
"454","p00454",2021-04-02,"BKVYYWY",100,26
"455","p00455",2021-04-02,"SOEOLLF",100,28
"456","p00456",2021-04-02,"LYGGMIQ",100,20
"457","p00457",2021-04-02,"GFHJOGM",100,29
"458","p00458",2021-04-02,"OLAESIN",100,34
"459","p00459",2021-04-02,"VKQLZHW",100,37
"460","p00460",2021-04-02,"MPGMAVA",100,31
"461","p00461",2021-04-02,"HDQSOJS",100,23
"462","p00462",2021-04-02,"LAYGBLC",100,19
"463","p00463",2021-04-02,"GKSKGNA",100,35
"464","p00464",2021-04-02,"YKPKELC",100,41
"465","p00465",2021-04-02,"YNXHEBF",100,36
"466","p00466",2021-04-02,"DJCGRXL",100,32
"467","p00467",2021-04-02,"JAWCHZI",100,35
"468","p00468",2021-04-03,"WXKNEWZ",100,31
"469","p00469",2021-04-03,"AONHKJO",100,43
"470","p00470",2021-04-03,"FTHFUWN",100,30
"471","p00471",2021-04-03,"WZBEWDY",100,34
"472","p00472",2021-04-03,"UGTLINX",100,28
"473","p00473",2021-04-03,"ULAAPNP",100,19
"474","p00474",2021-04-03,"WBTVATB",100,31
"475","p00475",2021-04-03,"EWMYSVW",100,25
"476","p00476",2021-04-03,"DWHFYBZ",100,21
"477","p00477",2021-04-03,"KYBHESB",100,26
"478","p00478",2021-04-03,"DIRTWYR",100,34
"479","p00479",2021-04-03,"QXCZJWB",100,33
"480","p00480",2021-04-03,"JDGPAWW",100,32
"481","p00481",2021-04-03,"DRPNGWX",100,37
"482","p00482",2021-04-03,"QCWQVIH",100,22
"483","p00483",2021-04-03,"SGXWMIM",100,30
"484","p00484",2021-04-03,"KGXRRIA",100,31
"485","p00485",2021-04-04,"EJFGZQF",100,23
"486","p00486",2021-04-04,"RZXAPLE",100,39
"487","p00487",2021-04-04,"YNTSDUO",100,27
"488","p00488",2021-04-04,"QHVTCKY",100,39
"489","p00489",2021-04-04,"MNDBNAC",100,32
"490","p00490",2021-04-04,"VPJBCKM",100,28
"491","p00491",2021-04-04,"LQAVXXZ",100,31
"492","p00492",2021-04-04,"GSMNNGV",100,25
"493","p00493",2021-04-05,"JRTDEXE",100,27
"494","p00494",2021-04-05,"TNVSDVE",100,27
"495","p00495",2021-04-05,"SSTAXQI",100,39
"497","p00497",2021-04-05,"MRUYHGP",100,37
"498","p00498",2021-04-05,"PVUHLMM",100,33
"499","p00499",2021-04-05,"TJWFTRB",100,36
"500","p00500",2021-04-05,"XJBYESX",100,34
"501","p00501",2021-04-05,"FPENHEC",100,27
"502","p00502",2021-04-05,"AEQTGRP",100,25
"503","p00503",2021-04-05,"XCLUIJE",100,24
"504","p00504",2021-04-06,"IHDBAWP",100,37
"505","p00505",2021-04-06,"ZLGYUWX",100,22
"506","p00506",2021-04-06,"QGBGUZO",100,35
"507","p00507",2021-04-06,"UJTIHNT",100,32
"508","p00508",2021-04-06,"UHBLIEB",100,33
"509","p00509",2021-04-06,"HKFKHHF",100,35
"510","p00510",2021-04-06,"NPBSVYF",100,44
"511","p00511",2021-04-07,"BISJXTL",100,36
"512","p00512",2021-04-07,"AGEZHXM",100,22
"513","p00513",2021-04-07,"HKURBVT",100,40
"514","p00514",2021-04-07,"DSKRGXD",100,34
"515","p00515",2021-04-07,"YMVYEVF",100,25
"516","p00516",2021-04-07,"WONXCVF",100,34
"517","p00517",2021-04-07,"LJRTVNY",100,36
"518","p00518",2021-04-07,"DXVEUKJ",100,43
"519","p00519",2021-04-07,"KLXJSDK",100,37
"520","p00520",2021-04-07,"WGTTZIU",100,36
"521","p00521",2021-04-07,"UWAOAMK",100,27
"522","p00522",2021-04-07,"UYEHHZC",100,26
"524","p00524",2021-04-07,"JKRMNJC",100,29
"525","p00525",2021-04-07,"SLTXABC",100,24
"526","p00526",2021-04-08,"IBJTJGP",100,28
"527","p00527",2021-04-08,"RCAKXTB",100,32
"528","p00528",2021-04-08,"LBBIIML",100,22
"529","p00529",2021-04-08,"RFCWCRP",100,32
"530","p00530",2021-04-08,"ANMHCKF",100,34
"531","p00531",2021-04-08,"FBTQBXR",100,26
"532","p00532",2021-04-08,"DKEYKOY",100,33
"533","p00533",2021-04-08,"ZDBIPKM",100,24
"534","p00534",2021-04-08,"GBFFOCJ",100,35
"535","p00535",2021-04-08,"ONSZMGW",100,33
"536","p00536",2021-04-09,"YLLZVMX",100,39
"537","p00537",2021-04-09,"QLWFBBY",100,33
"538","p00538",2021-04-09,"NCQEAJW",100,28
"539","p00539",2021-04-09,"TSOSUFP",100,42
"540","p00540",2021-04-09,"VZTDKWZ",100,27
"541","p00541",2021-04-09,"PZNFWMT",100,29
"542","p00542",2021-04-09,"BYUGQFX",100,28
"543","p00543",2021-04-09,"NNABTST",100,24
"544","p00544",2021-04-09,"LPIQMYE",100,19
"545","p00545",2021-04-10,"IVXKCAA",100,30
"546","p00546",2021-04-10,"YEKUATE",100,38
"547","p00547",2021-04-10,"HRKRRLQ",100,26
"548","p00548",2021-04-10,"HWMKHSA",100,25
"549","p00549",2021-04-10,"QODYCLE",100,35
"550","p00550",2021-04-10,"AWOOKVD",100,35
"551","p00551",2021-04-10,"ISAKZEC",100,33
"553","p00553",2021-04-10,"NRSVPGR",100,38
"554","p00554",2021-04-10,"FXJNRKI",100,44
"555","p00555",2021-04-10,"IXTTTUP",100,38
"556","p00556",2021-04-10,"CPKRKYN",100,21
"557","p00557",2021-04-11,"AOHAAQP",100,24
"558","p00558",2021-04-11,"KNZKLAS",100,26
"559","p00559",2021-04-11,"TXDMNIY",100,34
"560","p00560",2021-04-11,"TGMARVF",100,37
"561","p00561",2021-04-11,"LOWRKHH",100,27
"562","p00562",2021-04-11,"JLDDRXD",100,32
"564","p00564",2021-04-11,"HKHZFAM",100,30
"565","p00565",2021-04-11,"FVDFLIW",100,27
"566","p00566",2021-04-11,"ZDEUTFG",100,36
"567","p00567",2021-04-11,"FERWNHD",100,29
"568","p00568",2021-04-11,"CQJVOIG",100,30
"569","p00569",2021-04-11,"LOTXRLQ",100,33
"570","p00570",2021-04-11,"CQOZYZD",100,34
"571","p00571",2021-04-11,"IBQYOZP",100,39
"572","p00572",2021-04-11,"BWFCPZB",100,26
"573","p00573",2021-04-12,"SABLEIM",100,40
"574","p00574",2021-04-12,"WRPOXSQ",100,23
"575","p00575",2021-04-12,"DXBCRIG",100,40
"576","p00576",2021-04-12,"GMFJVXK",100,39
"577","p00577",2021-04-12,"RYJGRGI",100,23
"579","p00579",2021-04-12,"NCFOHJJ",100,36
"580","p00580",2021-04-12,"ZLBJNEZ",100,21
"581","p00581",2021-04-12,"HREBITI",100,25
"582","p00582",2021-04-12,"SCBAPOA",100,38
"583","p00583",2021-04-12,"OYQLKZP",100,24
"584","p00584",2021-04-12,"TEQANUF",100,29
"585","p00585",2021-04-12,"NIAMIYQ",100,26
"586","p00586",2021-04-12,"RYGRNRJ",100,36
"587","p00587",2021-04-12,"OQNYFMV",100,25
"589","p00589",2021-04-12,"WOZOSPG",100,36
"590","p00590",2021-04-13,"RRRPRSV",100,26
"592","p00592",2021-04-13,"VSEXTLV",100,30
"593","p00593",2021-04-13,"YNLPIYI",100,38
"594","p00594",2021-04-13,"YJSTVXL",100,23
"595","p00595",2021-04-13,"EJHCCDU",100,31
"597","p00597",2021-04-13,"IJAHYIW",100,33
"598","p00598",2021-04-13,"JITSTDW",100,33
"599","p00599",2021-04-13,"DKKXEOH",100,29
"600","p00600",2021-04-13,"OOYJHIP",100,28
"601","p00601",2021-04-14,"KYSVFLC",100,29
"603","p00603",2021-04-14,"LMTTGVJ",100,32
"604","p00604",2021-04-14,"GUNUTYJ",100,27
"605","p00605",2021-04-14,"SFFUQMA",100,22
"606","p00606",2021-04-14,"IDOFTRN",100,30
"608","p00608",2021-04-14,"RWIFTAB",100,30
"609","p00609",2021-04-14,"CYHGAIF",100,25
"610","p00610",2021-04-14,"JWVNKMD",100,26
"611","p00611",2021-04-14,"TMOUMSZ",100,34
"612","p00612",2021-04-14,"XHKBEBN",100,28
"613","p00613",2021-04-14,"FNKOHGS",100,40
"614","p00614",2021-04-14,"PSFUVEK",100,33
"615","p00615",2021-04-14,"PAACBTA",100,34
"616","p00616",2021-04-14,"JTGPCMX",100,39
"617","p00617",2021-04-15,"IOZREKB",100,25
"618","p00618",2021-04-15,"OFNMEOY",100,44
"619","p00619",2021-04-15,"CGYEJHC",100,26
"620","p00620",2021-04-15,"AMKIUKC",100,27
"621","p00621",2021-04-15,"KNGEOMD",100,25
"622","p00622",2021-04-15,"JNTUFML",100,25
"623","p00623",2021-04-16,"RYZQTMR",100,31
"624","p00624",2021-04-16,"PSDMAYX",100,29
"625","p00625",2021-04-16,"RCZTEFC",100,21
"626","p00626",2021-04-16,"BOVBXMP",100,24
"627","p00627",2021-04-16,"ZTGZKTM",100,34
"628","p00628",2021-04-16,"SIVQGAB",100,31
"629","p00629",2021-04-16,"YIFSAZZ",100,26
"630","p00630",2021-04-16,"XIAMGCY",100,26
"631","p00631",2021-04-16,"PJRXZDR",100,39
"632","p00632",2021-04-16,"VIAEIPW",100,30
"633","p00633",2021-04-16,"QUJOHOK",100,26
"634","p00634",2021-04-16,"PXGFMAV",100,27
"635","p00635",2021-04-16,"LLMQWUG",100,37
"636","p00636",2021-04-16,"UUDHWLQ",100,28
"637","p00637",2021-04-17,"YLPXDLT",100,28
"638","p00638",2021-04-17,"JTCSYCT",100,28
"639","p00639",2021-04-17,"VKNQIEZ",100,25
"640","p00640",2021-04-17,"MRVTGQF",100,26
"641","p00641",2021-04-17,"ITYQURY",100,27
"642","p00642",2021-04-17,"EKAWORI",100,36
"643","p00643",2021-04-17,"JLWSYMZ",100,29
"644","p00644",2021-04-17,"MOCIDDP",100,38
"645","p00645",2021-04-17,"EAUSKUN",100,19
"646","p00646",2021-04-17,"OOPNKVT",100,27
"647","p00647",2021-04-17,"WKEOANB",100,22
"648","p00648",2021-04-17,"ZQUOHES",100,30
"649","p00649",2021-04-18,"ASEQMYX",100,32
"650","p00650",2021-04-18,"DZYOEZX",100,36
"651","p00651",2021-04-18,"CESMDML",100,24
"652","p00652",2021-04-18,"YBKUMMI",100,25
"653","p00653",2021-04-18,"YYKNTSI",100,30
"654","p00654",2021-04-18,"RSZFPAG",100,21
"655","p00655",2021-04-18,"SSJFRHE",100,33
"656","p00656",2021-04-18,"YYTIJCT",100,35
"657","p00657",2021-04-18,"LXCWBNY",100,33
"658","p00658",2021-04-18,"COYQQTQ",100,22
"660","p00660",2021-04-19,"ZDDZJZA",100,26
"661","p00661",2021-04-19,"DLBVARC",100,36
"662","p00662",2021-04-19,"ZFAGHES",100,32
"663","p00663",2021-04-19,"QCHYEUX",100,26
"664","p00664",2021-04-19,"TQXQNTD",100,34
"665","p00665",2021-04-19,"TYVWJLG",100,38
"666","p00666",2021-04-19,"WSFIDKP",100,39
"667","p00667",2021-04-19,"TFKHSDR",100,35
"668","p00668",2021-04-19,"YPWRNMO",100,25
"669","p00669",2021-04-19,"QMCURTP",100,30
"670","p00670",2021-04-19,"VZOTJXY",100,27
"671","p00671",2021-04-19,"ZHNLFDZ",100,26
"672","p00672",2021-04-19,"NNDTADQ",100,33
"673","p00673",2021-04-19,"IRRMNIC",100,40
"674","p00674",2021-04-20,"SWFVFGG",100,36
"675","p00675",2021-04-20,"BGFORMF",100,24
"676","p00676",2021-04-20,"CMRYCZC",100,33
"677","p00677",2021-04-20,"VGLMRZA",100,31
"678","p00678",2021-04-20,"UXEDWLL",100,25
"679","p00679",2021-04-20,"MOVZQZU",100,41
"680","p00680",2021-04-20,"PIUCJPK",100,31
"681","p00681",2021-04-20,"RZNLMOK",100,31
"682","p00682",2021-04-20,"OVEWHKG",100,29
"683","p00683",2021-04-20,"XSFEYPO",100,29
"684","p00684",2021-04-21,"PGSNMCT",100,19
"685","p00685",2021-04-21,"GNOQUOB",100,28
"686","p00686",2021-04-21,"JOPBZOY",100,25
"687","p00687",2021-04-21,"YWBPDCJ",100,39
"688","p00688",2021-04-21,"MGIHQCY",100,28
"689","p00689",2021-04-21,"KQQIBBJ",100,32
"690","p00690",2021-04-21,"XWFLVUZ",100,33
"691","p00691",2021-04-21,"WUSWXXN",100,35
"692","p00692",2021-04-21,"APMYZOY",100,21
"693","p00693",2021-04-21,"UTUSOYO",100,40
"694","p00694",2021-04-21,"VDMNHIQ",100,29
"695","p00695",2021-04-21,"GALBYHS",100,24
"696","p00696",2021-04-21,"NAAHQUY",100,30
"697","p00697",2021-04-22,"VSJJUIG",100,28
"699","p00699",2021-04-22,"BROMQYM",100,21
"700","p00700",2021-04-22,"NMZNYGM",100,36
"701","p00701",2021-04-22,"DLYBCMG",100,23
"702","p00702",2021-04-22,"ALWRWAR",100,22
"703","p00703",2021-04-23,"PEYRRCC",100,24
"704","p00704",2021-04-23,"REWWMWR",100,22
"705","p00705",2021-04-23,"PLTFTLO",100,33
"706","p00706",2021-04-23,"QEDHZSD",100,28
"707","p00707",2021-04-23,"LOUYDLP",100,30
"708","p00708",2021-04-23,"LCGMRQZ",100,26
"709","p00709",2021-04-23,"ZEAOKZJ",100,28
"710","p00710",2021-04-23,"KZPTJIT",100,35
"711","p00711",2021-04-23,"ERRDNQR",100,41
"712","p00712",2021-04-23,"DEJXUGR",100,34
"713","p00713",2021-04-23,"ZPDNNZR",100,26
"714","p00714",2021-04-23,"OOFSLVM",100,26
"715","p00715",2021-04-24,"XCOTMET",100,22
"716","p00716",2021-04-24,"OSMECNX",100,24
"717","p00717",2021-04-24,"ONNFIMW",100,35
"718","p00718",2021-04-24,"ERBDORZ",100,34
"719","p00719",2021-04-24,"BXEFJRL",100,25
"720","p00720",2021-04-24,"URPUOFX",100,31
"721","p00721",2021-04-24,"EAJCLJX",100,27
"722","p00722",2021-04-24,"XMTTCDL",100,38
"723","p00723",2021-04-24,"DLWFVYS",100,33
"724","p00724",2021-04-25,"VYNHPJJ",100,24
"725","p00725",2021-04-25,"KXDWCIZ",100,33
"726","p00726",2021-04-25,"FNGHFMN",100,32
"727","p00727",2021-04-25,"LCAYWQU",100,25
"728","p00728",2021-04-25,"LJSBUIB",100,36
"729","p00729",2021-04-25,"WVLOPWQ",100,41
"730","p00730",2021-04-26,"KSKFCXR",100,35
"731","p00731",2021-04-26,"OAHVLLJ",100,28
"732","p00732",2021-04-26,"FVTENNB",100,42
"733","p00733",2021-04-26,"WXOVRWM",100,30
"734","p00734",2021-04-26,"DZNCDUT",100,32
"736","p00736",2021-04-26,"NXERDGO",100,35
"737","p00737",2021-04-26,"NSANFWZ",100,38
"738","p00738",2021-04-26,"ZGXXXAA",100,31
"739","p00739",2021-04-26,"TVUCGJP",100,30
"740","p00740",2021-04-26,"HAFSODN",100,26
"741","p00741",2021-04-26,"YNZLQYZ",100,24
"742","p00742",2021-04-26,"NVATFAQ",100,30
"743","p00743",2021-04-27,"TWYBSLM",100,31
"744","p00744",2021-04-27,"AWKTHRO",100,21
"745","p00745",2021-04-27,"AVMWBWQ",100,23
"746","p00746",2021-04-27,"AADNEHH",100,39
"748","p00748",2021-04-27,"YXNPZRC",100,30
"749","p00749",2021-04-27,"GVGHLRS",100,31
"750","p00750",2021-04-27,"KBZGOUX",100,31
"751","p00751",2021-04-27,"ZAWNPJN",100,24
"752","p00752",2021-04-27,"PSFSPMD",100,30
"753","p00753",2021-04-27,"QYRPIJU",100,26
"754","p00754",2021-04-27,"DEHKOMP",100,35
"755","p00755",2021-04-28,"NDRCDAF",100,21
"756","p00756",2021-04-28,"IXGVGYZ",100,28
"757","p00757",2021-04-28,"ZOFBOHP",100,37
"758","p00758",2021-04-28,"YVCXATX",100,32
"759","p00759",2021-04-28,"AGHIPRY",100,35
"760","p00760",2021-04-28,"SDUTHXE",100,30
"761","p00761",2021-04-28,"GTATTCD",100,28
"764","p00764",2021-04-28,"BGNFTUY",100,26
"765","p00765",2021-04-28,"ZOONWEH",100,19
"766","p00766",2021-04-28,"XZDXZFK",100,33
"767","p00767",2021-04-29,"YOJKLVD",100,36
"768","p00768",2021-04-29,"AGCNQIM",100,25
"769","p00769",2021-04-29,"XPLUVGP",100,34
"770","p00770",2021-04-29,"RGBTONM",100,30
"771","p00771",2021-04-29,"VPTBJIP",100,23
"772","p00772",2021-04-29,"LMGJLDW",100,31
"773","p00773",2021-04-29,"XDKODAO",100,39
"774","p00774",2021-04-29,"GJDGDBO",100,37
"775","p00775",2021-04-30,"FNOXIGU",100,33
"776","p00776",2021-04-30,"VUSKAYP",100,31
"777","p00777",2021-04-30,"YOLKAXD",100,26
"778","p00778",2021-04-30,"QARMOYF",100,33
"779","p00779",2021-04-30,"CBDBJSH",100,33
"780","p00780",2021-04-30,"YNCKNRE",100,26
"781","p00781",2021-04-30,"LBQXSUN",100,28
"782","p00782",2021-04-30,"SJKLPDL",100,25
"783","p00783",2021-05-01,"CRJQHMX",100,31
"784","p00784",2021-05-01,"TVRHRXE",100,24
"785","p00785",2021-05-01,"JYZITVT",100,26
"786","p00786",2021-05-01,"NIZQSGO",100,31
"787","p00787",2021-05-01,"QVFLOML",100,27
"788","p00788",2021-05-01,"ZBCUFKL",100,28
"790","p00790",2021-05-01,"ZXJJHEM",100,22
"791","p00791",2021-05-01,"OZLGWBL",100,33
"792","p00792",2021-05-01,"GLUJFRJ",100,27
"793","p00793",2021-05-01,"SFHYVPO",100,28
"794","p00794",2021-05-01,"JYGUWBW",100,42
"795","p00795",2021-05-02,"TUUFIVV",100,30
"796","p00796",2021-05-02,"RJEOTRU",100,29
"797","p00797",2021-05-02,"IXIONKO",100,27
"798","p00798",2021-05-02,"RAFBKYD",100,26
"799","p00799",2021-05-02,"VAXFJPM",100,32
"800","p00800",2021-05-02,"JBECUNL",100,31
"801","p00801",2021-05-02,"ILAGXYJ",100,30
"803","p00803",2021-05-02,"XEHKRYL",100,22
"804","p00804",2021-05-02,"TXSDEVE",100,24
"805","p00805",2021-05-02,"HORLDYG",100,25
"806","p00806",2021-05-03,"QVSRRDF",100,33
"807","p00807",2021-05-03,"EQWRHLR",100,44
"808","p00808",2021-05-03,"KVBRPAF",100,44
"809","p00809",2021-05-03,"TCKRQPE",100,27
"810","p00810",2021-05-04,"FQXATVL",100,29
"811","p00811",2021-05-04,"JXZAXAB",100,30
"812","p00812",2021-05-04,"LXZQVYB",100,31
"813","p00813",2021-05-04,"FEDLFXE",100,29
"814","p00814",2021-05-05,"WXEJGNY",100,44
"815","p00815",2021-05-05,"BNUZFFS",100,40
"816","p00816",2021-05-05,"UWKWVYQ",100,22
"817","p00817",2021-05-05,"HMAXRRO",100,31
"818","p00818",2021-05-05,"UKGNXAJ",100,28
"819","p00819",2021-05-06,"UYHMBDW",100,39
"820","p00820",2021-05-06,"UTKNOBJ",100,23
"821","p00821",2021-05-06,"HSHJCBA",100,30
"822","p00822",2021-05-06,"SZVIFNT",100,37
"823","p00823",2021-05-06,"RFWOYDG",100,32
"824","p00824",2021-05-06,"BFUUUSM",100,29
"825","p00825",2021-05-06,"KZPDLNB",100,25
"826","p00826",2021-05-06,"INKNZAB",100,34
"827","p00827",2021-05-06,"LLRPTVR",100,28
"828","p00828",2021-05-07,"ZOBMDHD",100,33
"829","p00829",2021-05-07,"DPXIKLN",100,33
"830","p00830",2021-05-07,"BCFPRIY",100,25
"831","p00831",2021-05-07,"ODKEWCZ",100,28
"832","p00832",2021-05-07,"YKIZCSD",100,34
"833","p00833",2021-05-07,"GRHYVSR",100,30
"834","p00834",2021-05-07,"DVXQHHC",100,32
"835","p00835",2021-05-07,"DEIRHLF",100,30
"836","p00836",2021-05-08,"RGCGXAZ",100,21
"837","p00837",2021-05-08,"TYCPQZX",100,26
"838","p00838",2021-05-08,"WJZLWYV",100,29
"839","p00839",2021-05-08,"VREXVNU",100,24
"840","p00840",2021-05-08,"INMFEIS",100,21
"841","p00841",2021-05-08,"LXGNMVW",100,26
"842","p00842",2021-05-08,"UCGGVPL",100,26
"843","p00843",2021-05-09,"AFLZJSV",100,33
"844","p00844",2021-05-09,"LPGQHSK",100,21
"845","p00845",2021-05-09,"HCLNOKS",100,27
"846","p00846",2021-05-09,"UNVNZUQ",100,36
"847","p00847",2021-05-09,"IVKNWEJ",100,31
"848","p00848",2021-05-10,"LZRYAOK",100,34
"849","p00849",2021-05-10,"FQHYIZP",100,37
"850","p00850",2021-05-10,"RCEPOMR",100,34
"851","p00851",2021-05-10,"SFXIKRR",100,30
"852","p00852",2021-05-10,"STSDLUO",100,35
"853","p00853",2021-05-10,"ZWQVVJS",100,35
"854","p00854",2021-05-10,"WISKVJZ",100,28
"855","p00855",2021-05-10,"UBYRHGL",100,33
"856","p00856",2021-05-10,"TPDMJWS",100,28
"857","p00857",2021-05-11,"EUPKVZM",100,33
"858","p00858",2021-05-11,"SYTORYM",100,31
"859","p00859",2021-05-11,"ERPNROI",100,26
"860","p00860",2021-05-11,"GKPUCRF",100,21
"862","p00862",2021-05-12,"HRSCOBY",100,28
"863","p00863",2021-05-12,"FXTOLQU",100,36
"865","p00865",2021-05-12,"CICFKUJ",100,23
"866","p00866",2021-05-13,"XZQIOUS",100,30
"867","p00867",2021-05-13,"RUGNBTK",100,23
"868","p00868",2021-05-13,"EGYRIFG",100,26
"869","p00869",2021-05-13,"GBVLCAK",100,19
"870","p00870",2021-05-13,"VFYTAXJ",100,24
"871","p00871",2021-05-14,"DTVBJEW",100,29
"873","p00873",2021-05-14,"FIPBOVF",100,28
"874","p00874",2021-05-14,"CFRAVBY",100,33
"875","p00875",2021-05-14,"WHFWPQD",100,25
"876","p00876",2021-05-14,"JZARRMC",100,33
"877","p00877",2021-05-14,"GYUCTSQ",100,30
"878","p00878",2021-05-14,"ZANKSQY",100,34
"879","p00879",2021-05-15,"UBHFPDJ",100,29
"880","p00880",2021-05-15,"KSVKPWZ",100,36
"881","p00881",2021-05-15,"QLTZUHV",100,35
"882","p00882",2021-05-15,"EJDKJLD",100,40
"883","p00883",2021-05-15,"VLNACKZ",100,29
"884","p00884",2021-05-15,"VKJIYJU",100,32
"885","p00885",2021-05-16,"BURUTCH",100,21
"886","p00886",2021-05-16,"UKHSPYZ",100,29
"888","p00888",2021-05-16,"XISFEBN",100,23
"889","p00889",2021-05-16,"YWWADQI",100,37
"890","p00890",2021-05-16,"CREGQKF",100,29
"891","p00891",2021-05-17,"TBSCDJV",100,32
"892","p00892",2021-05-17,"TXDLMTA",100,25
"893","p00893",2021-05-17,"LCKXIPC",100,32
"894","p00894",2021-05-17,"QDPSLCC",100,31
"895","p00895",2021-05-17,"RKUJMCE",100,25
"896","p00896",2021-05-18,"VWAWQNY",100,27
"897","p00897",2021-05-18,"OVQVSQT",100,33
"898","p00898",2021-05-18,"HPTPOIR",100,40
"899","p00899",2021-05-18,"LJIWYTH",100,34
"900","p00900",2021-05-19,"WKSYWND",100,29
"901","p00901",2021-05-19,"PQFYWGA",100,23
"902","p00902",2021-05-19,"LNWOAFQ",100,37
"903","p00903",2021-05-19,"FDLOMXB",100,28
"904","p00904",2021-05-19,"LTVGAFM",100,26
"905","p00905",2021-05-19,"XSHFGHH",100,34
"907","p00907",2021-05-20,"SLRRIXH",100,31
"908","p00908",2021-05-20,"RTGZNAP",100,27
"909","p00909",2021-05-21,"KJNGKHX",100,28
"910","p00910",2021-05-21,"IRWGLDV",100,27
"911","p00911",2021-05-21,"MQOABGZ",100,30
"912","p00912",2021-05-22,"DZKJUVX",100,31
"913","p00913",2021-05-23,"OBVUZEN",100,30
"914","p00914",2021-05-23,"WFNWCWY",100,22
"915","p00915",2021-05-23,"RDTTYDZ",100,31
"916","p00916",2021-05-23,"XYJBGXP",100,31
"917","p00917",2021-05-23,"YGYPJSZ",100,29
"918","p00918",2021-05-24,"VTLJDMV",100,25
"919","p00919",2021-05-24,"MBUKZFG",100,41
"920","p00920",2021-05-24,"LTKPHSI",100,27
"921","p00921",2021-05-24,"XGTLMAD",100,30
"922","p00922",2021-05-25,"JUTAVOY",100,24
"923","p00923",2021-05-25,"MSCVXUW",100,30
"924","p00924",2021-05-25,"NFLNPIW",100,30
"925","p00925",2021-05-25,"IFHSDCT",100,28
"926","p00926",2021-05-25,"QIZSFKV",100,36
"927","p00927",2021-05-26,"JNJMYFE",100,34
"928","p00928",2021-05-26,"HNCQATN",100,33
"929","p00929",2021-05-26,"JWCXXBW",100,35
"931","p00931",2021-05-26,"NLRJMJV",100,39
"932","p00932",2021-05-27,"GTVWDJR",100,29
"933","p00933",2021-05-27,"ZLPVBCE",100,36
"934","p00934",2021-05-27,"GOYIDRJ",100,26
"935","p00935",2021-05-27,"BXCMBGJ",100,30
"936","p00936",2021-05-27,"MMFXJSG",100,33
"937","p00937",2021-05-27,"FHUZZIB",100,34
"938","p00938",2021-05-28,"BHENGMS",100,30
"939","p00939",2021-05-28,"LWAXOOA",100,29
"940","p00940",2021-05-28,"VZCIDQE",100,35
"941","p00941",2021-05-29,"RZZSNZG",100,25
"942","p00942",2021-05-30,"XVJSNZO",100,33
"943","p00943",2021-05-30,"MDIXJRH",100,29
"944","p00944",2021-05-30,"HZBUJES",100,21
"946","p00946",2021-06-01,"EUROPPY",100,28
"947","p00947",2021-06-02,"OHDZQJP",100,27
"948","p00948",2021-06-02,"DJOVKFW",100,26
"949","p00949",2021-06-02,"HNCNXOP",100,36
"950","p00950",2021-06-02,"BFQGBRA",100,22
"951","p00951",2021-06-03,"CCGLSLH",100,37
"952","p00952",2021-06-03,"CKTKGNT",100,25
"953","p00953",2021-06-03,"CXUBFZR",100,31
"954","p00954",2021-06-03,"AEJCFSA",100,29
"955","p00955",2021-06-04,"VVEWTSO",100,34
"956","p00956",2021-06-05,"IWLYEWZ",100,26
"957","p00957",2021-06-05,"EYAIHHA",100,30
"958","p00958",2021-06-05,"JRMIHTB",100,30
"959","p00959",2021-06-06,"CXJAUYI",100,28
"960","p00960",2021-06-06,"TJSPDLR",100,33
"961","p00961",2021-06-06,"DNYMOEA",100,27
"962","p00962",2021-06-07,"OAFUEFR",100,36
"963","p00963",2021-06-07,"ACQRBAH",100,20
"964","p00964",2021-06-07,"TGIJYOI",100,31
"966","p00966",2021-06-08,"YRAMQFL",100,30
"967","p00967",2021-06-08,"LPFDWIW",100,34
"968","p00968",2021-06-08,"ZONIFVF",100,31
"969","p00969",2021-06-08,"UIUIDCC",100,26
"970","p00970",2021-06-09,"HEXNHBH",100,27
"971","p00971",2021-06-09,"ZIFSLXQ",100,42
"972","p00972",2021-06-10,"JFZAYHK",100,31
"973","p00973",2021-06-11,"ZJIPQSH",100,31
"974","p00974",2021-06-13,"PRWCJYI",100,26
"975","p00975",2021-06-13,"RHCZHBK",100,25
"976","p00976",2021-06-14,"BBVWKLA",100,30
"977","p00977",2021-06-15,"LKJUGBJ",100,30
"978","p00978",2021-06-15,"ZLEMEGP",100,37
"979","p00979",2021-06-16,"CMWWCGG",100,27
"980","p00980",2021-06-17,"DOINTLM",100,26
"981","p00981",2021-06-17,"TWSXNRZ",100,32
"982","p00982",2021-06-17,"JGWCGTM",100,21
"983","p00983",2021-06-17,"IWPEFSP",100,33
"984","p00984",2021-06-18,"XUNWJQA",100,29
"985","p00985",2021-06-18,"RDCEJVX",100,35
"986","p00986",2021-06-20,"SGFOQYC",100,38
"987","p00987",2021-06-21,"YWVQSFC",100,23
"989","p00989",2021-06-23,"JZYSCOB",100,28
"990","p00990",2021-06-23,"RJVMNUA",100,26
"991","p00991",2021-06-23,"CQVCDRB",100,29
"992","p00992",2021-06-24,"TDWAEZZ",100,31
"993","p00993",2021-06-24,"JKVEMQK",100,24
"994","p00994",2021-06-27,"XIJLHXI",100,39
"995","p00995",2021-06-27,"FYFYACV",100,25
"996","p00996",2021-06-29,"GZCBWSY",100,30
"997","p00997",2021-06-29,"BWCWYBE",100,30
"998","p00998",2021-07-01,"MCKIGJK",100,27
"999","p00999",2021-07-03,"AIAFNYK",100,28
"1000","p01000",2021-07-03,"QXMRTCL",100,25
"1001","p01001",2021-07-04,"NMOVOCJ",100,33
"1002","p01002",2021-07-04,"YKHCWFU",100,26
"1003","p01003",2021-07-05,"YCKJQUQ",100,33
"1004","p01004",2021-07-05,"YRLPJEU",100,27
"1005","p01005",2021-07-05,"VXEHQDI",100,35
"1006","p01006",2021-07-05,"DGYTKHS",100,24
"1007","p01007",2021-07-06,"GXPRDLH",100,23
"1008","p01008",2021-07-07,"ROTLPKY",100,27
"1009","p01009",2021-07-07,"IEWCNSP",100,29
"1010","p01010",2021-07-07,"IZFHBVE",100,32
"1011","p01011",2021-07-08,"RYEOVVJ",100,24
"1012","p01012",2021-07-11,"GACKUWU",100,29
"1013","p01013",2021-07-12,"HKSIHTF",100,31
"1014","p01014",2021-07-12,"UCAGHHN",100,32
"1015","p01015",2021-07-12,"LCRDOWM",100,21
"1016","p01016",2021-07-13,"FRGNNQE",100,26
"1017","p01017",2021-07-13,"VZUTWKR",100,35
"1018","p01018",2021-07-14,"FOWPCBN",100,24
"1019","p01019",2021-07-15,"BVBHYVP",100,21
"1020","p01020",2021-07-16,"EAWPQWC",100,33
"1021","p01021",2021-07-16,"OGJGSMA",100,23
"1023","p01023",2021-07-16,"QHPAWDT",100,33
"1024","p01024",2021-07-17,"QFZOBTR",100,35
"1025","p01025",2021-07-19,"CXPXQVN",100,39
"1026","p01026",2021-07-19,"RQEFXCH",100,24
"1027","p01027",2021-07-19,"CWNGGXE",100,23
"1028","p01028",2021-07-20,"BBVKGVN",100,34
"1029","p01029",2021-07-20,"CAUKAWF",100,25
"1030","p01030",2021-07-20,"NGUWLYY",100,21
"1031","p01031",2021-07-21,"DLIDRJO",100,31
"1032","p01032",2021-07-22,"NWFLJEL",100,23
"1033","p01033",2021-07-23,"AUNXHDX",100,24
"1034","p01034",2021-07-24,"MDIBYEZ",100,19
"1035","p01035",2021-07-24,"MVAARYR",100,25
"1036","p01036",2021-07-25,"FCSGCTT",100,35
"1038","p01038",2021-07-25,"JPLILCW",100,34
"1039","p01039",2021-07-26,"WFLLQKF",100,30
"1040","p01040",2021-07-26,"TOHGWKJ",100,31
"1041","p01041",2021-07-26,"TFGSIIP",100,28
"1042","p01042",2021-07-26,"AAFPBGX",100,28
"1043","p01043",2021-07-28,"XZNVYNB",100,27
"1045","p01045",2021-07-29,"YTEAFJC",100,19
"1046","p01046",2021-07-29,"NFITPMM",100,23
"1047","p01047",2021-07-30,"AKFLLOG",100,31
"1048","p01048",2021-07-31,"AMLFWVI",100,29
"1049","p01049",2021-08-01,"QQIYZNA",100,27
"1050","p01050",2021-08-01,"NTSXPWQ",100,33
"1051","p01051",2021-08-02,"FYROZUB",100,28
"1052","p01052",2021-08-02,"KQLRBPG",100,35
"1053","p01053",2021-08-02,"SPZNAGA",100,27
"1055","p01055",2021-08-02,"KRLIBAG",100,31
"1056","p01056",2021-08-04,"NVAGCBN",100,28
"1057","p01057",2021-08-04,"PUDBCRY",100,23
"1058","p01058",2021-08-04,"IOWZHNT",100,28
"1059","p01059",2021-08-04,"DGRQBWZ",100,27
"1060","p01060",2021-08-04,"UHYIEFC",100,38
"1061","p01061",2021-08-04,"YZYZBCK",100,27
"1062","p01062",2021-08-04,"SLOJNZH",100,31
"1063","p01063",2021-08-06,"JNICTAY",100,31
"1064","p01064",2021-08-06,"LQXTBPT",100,25
"1065","p01065",2021-08-06,"BLLNUHU",100,36
"1066","p01066",2021-08-07,"UUHIVKA",100,24
"1067","p01067",2021-08-07,"TOVKPDX",100,34
"1068","p01068",2021-08-08,"ZGVDTEK",100,21
"1069","p01069",2021-08-08,"YRCHVMJ",100,30
"1071","p01071",2021-08-08,"UCFFTQU",100,24
"1072","p01072",2021-08-08,"DDFGJXI",100,41
"1073","p01073",2021-08-08,"YQFIDDC",100,30
"1074","p01074",2021-08-09,"RNHTFLN",100,30
"1075","p01075",2021-08-09,"EAYSXBJ",100,23
"1076","p01076",2021-08-09,"MGIWSUV",100,22
"1077","p01077",2021-08-10,"HQLCKYQ",100,28
"1078","p01078",2021-08-11,"QZYWKWM",100,32
"1079","p01079",2021-08-11,"KIWWRLF",100,26
"1081","p01081",2021-08-12,"NJFSIRL",100,28
"1082","p01082",2021-08-12,"IUIJPPK",100,30
"1083","p01083",2021-08-13,"DXXKKWE",100,31
"1084","p01084",2021-08-14,"HWHNRLM",100,33
"1085","p01085",2021-08-14,"HQRQXTL",100,39
"1086","p01086",2021-08-15,"ROTJPDH",100,35
"1087","p01087",2021-08-15,"QUXDQRH",100,26
"1088","p01088",2021-08-15,"VDXSZXM",100,34
"1089","p01089",2021-08-15,"ULBNCRK",100,30
"1090","p01090",2021-08-15,"XVFHYMW",100,28
"1091","p01091",2021-08-15,"SBYNXRT",100,27
"1092","p01092",2021-08-15,"VGYGOLP",100,26
"1093","p01093",2021-08-15,"KDVZVRR",100,30
"1094","p01094",2021-08-15,"QPLYRZV",100,37
"1095","p01095",2021-08-15,"AJKORUO",100,27
"1096","p01096",2021-08-15,"WVSHLRI",100,29
"1097","p01097",2021-08-15,"QUJTJNL",100,28
"1098","p01098",2021-08-16,"AQGBUFS",100,26
"1099","p01099",2021-08-16,"HGASBLF",100,28
"1100","p01100",2021-08-16,"JVLQBCP",100,31
"1101","p01101",2021-08-16,"BXZWUDX",100,30
"1102","p01102",2021-08-17,"DMSMFUG",100,36
"1103","p01103",2021-08-17,"ANMHCKF",100,35
"1104","p01104",2021-08-17,"QGURYVS",100,34
"1105","p01105",2021-08-18,"YAWXMBW",100,32
"1106","p01106",2021-08-18,"OEMBOTA",100,30
"1107","p01107",2021-08-19,"DHELEND",100,41
"1108","p01108",2021-08-19,"PYLGHKK",100,38
"1109","p01109",2021-08-19,"FMSQQSJ",100,25
"1110","p01110",2021-08-19,"SALWCWL",100,29
"1111","p01111",2021-08-20,"KCQLSNA",100,30
"1112","p01112",2021-08-20,"HGUTUBT",100,29
"1113","p01113",2021-08-20,"EKMTDVB",100,29
"1115","p01115",2021-08-21,"ZJIDQTG",100,34
"1116","p01116",2021-08-21,"VWMGSTZ",100,31
"1117","p01117",2021-08-21,"DJXBTMZ",100,27
"1118","p01118",2021-08-21,"UVIRWZC",100,32
"1119","p01119",2021-08-22,"SFOBAQW",100,20
"1120","p01120",2021-08-22,"BIDMHPP",100,33
"1121","p01121",2021-08-22,"JXLWPFU",100,37
"1122","p01122",2021-08-23,"WBSAVLO",100,26
"1123","p01123",2021-08-23,"UPLNPQK",100,44
"1124","p01124",2021-08-23,"ACXRMSE",100,35
"1125","p01125",2021-08-23,"PCCJXQQ",100,24
"1126","p01126",2021-08-23,"TXDMNIY",100,30
"1127","p01127",2021-08-23,"JCWXKIX",100,32
"1128","p01128",2021-08-24,"RRNOCYR",100,32
"1129","p01129",2021-08-24,"GGSPOKR",100,35
"1130","p01130",2021-08-24,"ACNQHRE",100,34
"1131","p01131",2021-08-25,"MSGVMAQ",100,38
"1132","p01132",2021-08-25,"WKYTFIQ",100,24
"1133","p01133",2021-08-25,"PJIIAXD",100,37
"1134","p01134",2021-08-25,"BLXWDOX",100,43
"1135","p01135",2021-08-26,"HWMKHSA",100,28
"1136","p01136",2021-08-26,"COSVCQZ",100,22
"1137","p01137",2021-08-26,"IOZREKB",100,29
"1138","p01138",2021-08-27,"ZFAGHES",100,30
"1139","p01139",2021-08-27,"JEKNFSP",100,27
"1140","p01140",2021-08-27,"JNUQWRR",100,27
"1141","p01141",2021-08-27,"EQUSJXR",100,31
"1142","p01142",2021-08-27,"ERFSOLQ",100,27
"1143","p01143",2021-08-27,"HAFSODN",100,38
"1144","p01144",2021-08-27,"QTRIZYW",100,23
"1145","p01145",2021-08-27,"FDCZBKW",100,13
"1146","p01146",2021-08-27,"GGZXOCK",100,19
"1147","p01147",2021-08-27,"SJAUHQH",100,37
"1148","p01148",2021-08-27,"AQWFHRW",100,37
"1149","p01149",2021-08-28,"OSHEUNF",100,26
"1150","p01150",2021-08-28,"YIYWLBC",100,26
"1151","p01151",2021-08-28,"CCEXJHP",100,31
"1152","p01152",2021-08-28,"NQYOVOP",100,35
"1153","p01153",2021-08-28,"DNCFXFI",100,21
"1154","p01154",2021-08-28,"FKZURXB",100,27
"1155","p01155",2021-08-28,"PRWHNRV",100,34
"1156","p01156",2021-08-28,"CQWSBHP",100,31
"1157","p01157",2021-08-29,"CJDWKVI",100,25
"1158","p01158",2021-08-29,"DXVEUKJ",100,32
"1159","p01159",2021-08-29,"SARYBPA",100,30
"1160","p01160",2021-08-29,"MGIHQCY",100,30
"1161","p01161",2021-08-29,"OPFUHLG",100,32
"1162","p01162",2021-08-29,"UFKQHPZ",100,37
"1163","p01163",2021-08-29,"FOLPBVP",100,27
"1165","p01165",2021-08-30,"BYIDVQD",100,24
"1166","p01166",2021-08-30,"AMQVIAL",100,35
"1167","p01167",2021-08-30,"DTUWRLA",100,23
"1168","p01168",2021-08-30,"QJSPMCX",100,27
"1169","p01169",2021-08-30,"ZQDOWGJ",100,29
"1170","p01170",2021-08-30,"HVORRYT",100,28
"1171","p01171",2021-08-31,"TFTNWPP",100,24
"1172","p01172",2021-08-31,"ZFWFGIX",100,35
"1173","p01173",2021-08-31,"XFYDYRL",100,26
"1174","p01174",2021-08-31,"YNXHEBF",100,28
"1175","p01175",2021-09-01,"TBDSHMI",100,26
"1176","p01176",2021-09-01,"NEGIGAL",100,39
"1177","p01177",2021-09-01,"MCNOLPW",100,27
"1178","p01178",2021-09-02,"BKSBMYF",100,27
"1179","p01179",2021-09-02,"DWOLSSW",100,22
"1180","p01180",2021-09-02,"FCCLMUJ",100,19
"1181","p01181",2021-09-02,"MUDTEMC",100,33
"1182","p01182",2021-09-02,"KGXRRIA",100,20
"1183","p01183",2021-09-02,"KEGAYLX",100,23
"1185","p01185",2021-09-02,"VCQHODG",100,24
"1186","p01186",2021-09-02,"FOLPURS",100,37
"1187","p01187",2021-09-02,"RIWCMEQ",100,42
"1188","p01188",2021-09-02,"BKVYYWY",100,25
"1189","p01189",2021-09-03,"PDOROIS",100,35
"1190","p01190",2021-09-03,"XCNFMAY",100,25
"1191","p01191",2021-09-03,"VXAAYIW",100,36
"1192","p01192",2021-09-03,"ZJCESRZ",100,31
"1193","p01193",2021-09-03,"KCLOMUE",100,28
"1194","p01194",2021-09-03,"ZHMHASO",100,30
"1195","p01195",2021-09-03,"JDGPAWW",100,25
"1196","p01196",2021-09-03,"DSHGXTW",100,25
"1197","p01197",2021-09-03,"VBQSFHI",100,24
"1198","p01198",2021-09-04,"ZOONWEH",100,25
"1199","p01199",2021-09-04,"BISJXTL",100,26
"1200","p01200",2021-09-04,"HRVYLQI",100,34
"1201","p01201",2021-09-04,"SKOIKDV",100,36
"1202","p01202",2021-09-04,"DIRTWYR",100,26
"1203","p01203",2021-09-04,"BAYIRTP",100,26
"1204","p01204",2021-09-04,"CSEYOLP",100,28
"1205","p01205",2021-09-04,"BPQUSMP",100,26
"1206","p01206",2021-09-04,"WUSWXXN",100,30
"1207","p01207",2021-09-05,"QVSRRDF",100,31
"1208","p01208",2021-09-05,"PCIQYVA",100,31
"1209","p01209",2021-09-05,"CQOZYZD",100,28
"1210","p01210",2021-09-05,"HSAFBZR",100,33
"1211","p01211",2021-09-06,"LZJFUOG",100,32
"1212","p01212",2021-09-06,"DZYOEZX",100,36
"1213","p01213",2021-09-07,"DRPNGWX",100,34
"1214","p01214",2021-09-07,"CDFGTPX",100,20
"1215","p01215",2021-09-07,"BWFCPZB",100,22
"1216","p01216",2021-09-07,"LAHDFVE",100,24
"1217","p01217",2021-09-07,"XNJZOPC",100,21
"1218","p01218",2021-09-07,"YPNPGIS",100,27
"1219","p01219",2021-09-07,"NKYFQFQ",100,28
"1220","p01220",2021-09-08,"WBTVATB",100,30
"1221","p01221",2021-09-08,"GXBLFDO",100,36
"1222","p01222",2021-09-08,"KHZEJIK",100,25
"1223","p01223",2021-09-08,"FTHFUWN",100,26
"1225","p01225",2021-09-08,"REIICRG",100,28
"1226","p01226",2021-09-08,"WKZLBWC",100,33
"1227","p01227",2021-09-08,"VIAEIPW",100,21
"1228","p01228",2021-09-08,"QYRPIJU",100,25
"1229","p01229",2021-09-08,"IRRMNIC",100,32
"1230","p01230",2021-09-08,"EJFGZQF",100,26
"1231","p01231",2021-09-08,"HNCLGJR",100,34
"1232","p01232",2021-09-08,"HREBITI",100,28
"1233","p01233",2021-09-08,"SGXWMIM",100,36
"1234","p01234",2021-09-09,"GBNHGAR",100,24
"1235","p01235",2021-09-09,"OLPNNCT",100,32
"1236","p01236",2021-09-09,"WXUHQKN",100,28
"1237","p01237",2021-09-09,"HFXZFIE",100,29
"1239","p01239",2021-09-10,"FCGLFWA",100,23
"1240","p01240",2021-09-10,"UQTIPFY",100,29
"1241","p01241",2021-09-10,"VNTYNAT",100,26
"1242","p01242",2021-09-10,"LSOVTAZ",100,35
"1244","p01244",2021-09-10,"CHKBIFL",100,44
"1245","p01245",2021-09-10,"WNUCCOD",100,28
"1246","p01246",2021-09-10,"PARIMCC",100,28
"1247","p01247",2021-09-11,"LZPJINE",100,40
"1248","p01248",2021-09-11,"WGTTZIU",100,37
"1249","p01249",2021-09-11,"JTGPCMX",100,20
"1251","p01251",2021-09-11,"PNJLBGS",100,24
"1252","p01252",2021-09-11,"YADKWWI",100,35
"1253","p01253",2021-09-11,"GSFWBUM",100,27
"1254","p01254",2021-09-12,"YYKNTSI",100,26
"1255","p01255",2021-09-12,"AOHAAQP",100,26
"1256","p01256",2021-09-12,"LAFECHF",100,21
"1257","p01257",2021-09-12,"HECJLGC",100,21
"1258","p01258",2021-09-12,"PSFUVEK",100,33
"1259","p01259",2021-09-12,"IXTTTUP",100,30
"1260","p01260",2021-09-12,"UFPNYQU",100,29
"1261","p01261",2021-09-12,"FOWFQEX",100,22
"1262","p01262",2021-09-12,"UGTLINX",100,24
"1263","p01263",2021-09-12,"KZPDLNB",100,29
"1264","p01264",2021-09-12,"CNXUPSP",100,27
"1265","p01265",2021-09-12,"MSOOMOE",100,39
"1266","p01266",2021-09-13,"RKUJMCE",100,33
"1267","p01267",2021-09-13,"FERWNHD",100,24
"1268","p01268",2021-09-13,"PVUHLMM",100,30
"1269","p01269",2021-09-13,"PBMNYBN",100,29
"1270","p01270",2021-09-13,"RYJGRGI",100,29
"1271","p01271",2021-09-13,"KIWCKNW",100,26
"1272","p01272",2021-09-13,"TKJLTHQ",100,31
"1273","p01273",2021-09-13,"HWSYXJF",100,28
"1274","p01274",2021-09-13,"QMCURTP",100,38
"1275","p01275",2021-09-13,"KGOLEPF",100,32
"1276","p01276",2021-09-14,"RBJRJDG",100,25
"1277","p01277",2021-09-14,"TCKRQPE",100,31
"1278","p01278",2021-09-14,"SQEWGMD",100,24
"1279","p01279",2021-09-14,"DJYHXZE",100,28
"1280","p01280",2021-09-14,"AWOOKVD",100,32
"1281","p01281",2021-09-14,"PACBZDC",100,28
"1282","p01282",2021-09-14,"KVRTWFJ",100,31
"1283","p01283",2021-09-14,"VKXJOXA",100,27
"1284","p01284",2021-09-15,"NRSVPGR",100,28
"1285","p01285",2021-09-15,"AIZQJBO",100,30
"1287","p01287",2021-09-15,"WXOVRWM",100,28
"1288","p01288",2021-09-15,"LPGQHSK",100,33
"1289","p01289",2021-09-15,"SOEOLLF",100,27
"1290","p01290",2021-09-15,"LAYGBLC",100,32
"1291","p01291",2021-09-15,"UVAFIBT",100,40
"1293","p01293",2021-09-15,"TJDBHGE",100,36
"1294","p01294",2021-09-16,"CPKRKYN",100,32
"1295","p01295",2021-09-16,"RJONYJZ",100,29
"1296","p01296",2021-09-16,"LCZIXUY",100,42
"1297","p01297",2021-09-16,"ZOWEBTG",100,19
"1298","p01298",2021-09-16,"QYUVOOW",100,30
"1299","p01299",2021-09-16,"AVMWBWQ",100,27
"1300","p01300",2021-09-16,"DJCGRXL",100,24
"1301","p01301",2021-09-16,"RSFRTNX",100,38
"1302","p01302",2021-09-16,"ACDOAAZ",100,35
"1303","p01303",2021-09-16,"DLWFVYS",100,36
"1304","p01304",2021-09-17,"HRKRRLQ",100,29
"1305","p01305",2021-09-17,"MUGIRQP",100,32
"1306","p01306",2021-09-17,"EXWXLCR",100,34
"1307","p01307",2021-09-17,"NWWCCNR",100,28
"1308","p01308",2021-09-17,"DNZKHES",100,30
"1309","p01309",2021-09-17,"YLHGYSU",100,32
"1310","p01310",2021-09-17,"EKSHFFF",100,25
"1311","p01311",2021-09-17,"WNRXNTY",100,28
"1312","p01312",2021-09-18,"WISKVJZ",100,31
"1313","p01313",2021-09-18,"PLTFTLO",100,39
"1314","p01314",2021-09-18,"RVWHPYH",100,30
"1315","p01315",2021-09-18,"DKSFRAH",100,26
"1316","p01316",2021-09-18,"PQEAEBU",100,27
"1317","p01317",2021-09-19,"JLJCCDG",100,33
"1318","p01318",2021-09-19,"UJWWEOV",100,21
"1319","p01319",2021-09-19,"JRFOCFG",100,27
"1320","p01320",2021-09-19,"LPIQMYE",100,35
"1321","p01321",2021-09-19,"JTDUJAK",100,30
"1322","p01322",2021-09-19,"SMPLBAD",100,35
"1323","p01323",2021-09-19,"PJRXZDR",100,34
"1324","p01324",2021-09-19,"YOLKAXD",100,35
"1325","p01325",2021-09-19,"TXSDEVE",100,41
"1326","p01326",2021-09-19,"JUICJYE",100,32
"1327","p01327",2021-09-20,"UQNSAXO",100,28
"1328","p01328",2021-09-20,"TJWFTRB",100,31
"1329","p01329",2021-09-20,"KNZKLAS",100,22
"1330","p01330",2021-09-20,"JRTDEXE",100,23
"1331","p01331",2021-09-20,"ADOSYIO",100,26
"1332","p01332",2021-09-20,"MFZHIXG",100,38
"1333","p01333",2021-09-20,"EGEMKAV",100,29
"1334","p01334",2021-09-20,"HHXKGEL",100,20
"1335","p01335",2021-09-20,"SYTORYM",100,32
"1336","p01336",2021-09-20,"SQSGJKE",100,23
"1337","p01337",2021-09-20,"SSTAXQI",100,30
"1338","p01338",2021-09-20,"HYDZHHX",100,28
"1339","p01339",2021-09-21,"ZTGZKTM",100,21
"1340","p01340",2021-09-21,"TNGDHJP",100,30
"1341","p01341",2021-09-21,"VXEFQOX",100,28
"1342","p01342",2021-09-21,"OOYJHIP",100,25
"1343","p01343",2021-09-21,"RZFLQYR",100,35
"1344","p01344",2021-09-21,"LQAVXXZ",100,34
"1346","p01346",2021-09-21,"KSKFCXR",100,32
"1347","p01347",2021-09-21,"IBQYOZP",100,28
"1348","p01348",2021-09-21,"YLLZVMX",100,27
"1350","p01350",2021-09-21,"AXSQMGX",100,29
"1351","p01351",2021-09-21,"LEEXFLN",100,32
"1352","p01352",2021-09-22,"GSMNNGV",100,25
"1353","p01353",2021-09-22,"GVGHLRS",100,28
"1354","p01354",2021-09-22,"OCQCTNJ",100,23
"1355","p01355",2021-09-22,"ZLBJNEZ",100,27
"1357","p01357",2021-09-22,"JYUIKCU",100,28
"1358","p01358",2021-09-22,"EAJJSGD",100,33
"1359","p01359",2021-09-23,"CHELCST",100,31
"1360","p01360",2021-09-23,"FOOULLS",100,24
"1362","p01362",2021-09-23,"SDQJMPT",100,21
"1363","p01363",2021-09-23,"KFFPQHJ",100,25
"1364","p01364",2021-09-23,"TVUCGJP",100,26
"1365","p01365",2021-09-23,"UTUSOYO",100,42
"1366","p01366",2021-09-23,"OVEWHKG",100,20
"1367","p01367",2021-09-23,"LOTXRLQ",100,31
"1368","p01368",2021-09-23,"UWAOAMK",100,32
"1369","p01369",2021-09-24,"UHQWAYW",100,34
"1370","p01370",2021-09-24,"ZIOKYJU",100,30
"1371","p01371",2021-09-24,"WONXCVF",100,28
"1372","p01372",2021-09-24,"OPMOTZM",100,28
"1373","p01373",2021-09-24,"LDXQGDP",100,27
"1374","p01374",2021-09-25,"EMLLQRV",100,32
"1375","p01375",2021-09-25,"TPCVNKA",100,25
"1376","p01376",2021-09-25,"GFHJOGM",100,35
"1377","p01377",2021-09-25,"UBQIHGU",100,32
"1378","p01378",2021-09-25,"OYFMIFZ",100,29
"1379","p01379",2021-09-25,"YXIUTSP",100,28
"1380","p01380",2021-09-25,"VGLMRZA",100,39
"1381","p01381",2021-09-26,"YEDIVIG",100,25
"1382","p01382",2021-09-26,"IMMLUJJ",100,39
"1383","p01383",2021-09-26,"CHPUIXH",100,27
"1384","p01384",2021-09-26,"QAAFSNA",100,30
"1385","p01385",2021-09-26,"NMZJCRZ",100,45
"1386","p01386",2021-09-26,"SABLEIM",100,34
"1387","p01387",2021-09-26,"YKPKELC",100,28
"1388","p01388",2021-09-26,"ITYQURY",100,24
"1389","p01389",2021-09-26,"XMTTCDL",100,39
"1390","p01390",2021-09-26,"YNTSDUO",100,27
"1391","p01391",2021-09-27,"WYEDXHX",100,31
"1392","p01392",2021-09-27,"NLRJMJV",100,31
"1393","p01393",2021-09-27,"XSHFGHH",100,26
"1394","p01394",2021-09-27,"QFCFHCP",100,32
"1395","p01395",2021-09-27,"YMVYEVF",100,24
"1396","p01396",2021-09-27,"COYQQTQ",100,33
"1397","p01397",2021-09-27,"FNOXIGU",100,31
"1398","p01398",2021-09-28,"CGYEJHC",100,45
"1399","p01399",2021-09-28,"GQPUWVY",100,24
"1400","p01400",2021-09-28,"RAROIEH",100,32
"1402","p01402",2021-09-28,"XJEAIAO",100,41
"1403","p01403",2021-09-28,"TVRHRXE",100,44
"1404","p01404",2021-09-29,"YYTIJCT",100,32
"1405","p01405",2021-09-29,"HEJPQTP",100,25
"1406","p01406",2021-09-29,"UYEHHZC",100,32
"1407","p01407",2021-09-29,"CMRYCZC",100,31
"1408","p01408",2021-09-29,"HSHJCBA",100,29
"1409","p01409",2021-09-30,"ZZXIYOG",100,28
"1410","p01410",2021-09-30,"GQKKFTP",100,39
"1411","p01411",2021-09-30,"GSPSUYF",100,34
"1412","p01412",2021-09-30,"OQNYFMV",100,35
"1413","p01413",2021-09-30,"OFNMEOY",100,28
"1414","p01414",2021-09-30,"BHENGMS",100,31
"1416","p01416",2021-09-30,"ZMVYMSL",100,31
"1417","p01417",2021-09-30,"MCPGEPL",100,32
"1418","p01418",2021-09-30,"QNIEQWZ",100,30
"1419","p01419",2021-09-30,"DVVTXXD",100,19
"1420","p01420",2021-09-30,"NWJRMHP",100,32
"1421","p01421",2021-09-30,"JAWCHZI",100,30
"1422","p01422",2021-10-01,"SPMQGGV",100,25
"1423","p01423",2021-10-01,"TFWKJKO",100,28
"1424","p01424",2021-10-01,"BFUUUSM",100,32
"1425","p01425",2021-10-01,"ALWRWAR",100,33
"1426","p01426",2021-10-01,"JNTUFML",100,27
"1427","p01427",2021-10-01,"TFKHSDR",100,23
"1428","p01428",2021-10-01,"TMZJUAB",100,27
"1429","p01429",2021-10-01,"UXEDWLL",100,25
"1430","p01430",2021-10-01,"OVWKQJD",100,35
"1431","p01431",2021-10-01,"UBYRHGL",100,20
"1432","p01432",2021-10-02,"MWDUTZC",100,25
"1433","p01433",2021-10-02,"MGLEMNS",100,24
"1434","p01434",2021-10-02,"SGNBWQN",100,22
"1435","p01435",2021-10-02,"YJFIGRB",100,25
"1436","p01436",2021-10-03,"AGHIPRY",100,24
"1437","p01437",2021-10-03,"BDVQXSF",100,26
"1438","p01438",2021-10-03,"YHASPVN",100,36
"1439","p01439",2021-10-03,"GUNUTYJ",100,25
"1440","p01440",2021-10-03,"TXLLIBD",100,26
"1441","p01441",2021-10-03,"QCWQVIH",100,33
"1442","p01442",2021-10-03,"SIVQGAB",100,32
"1444","p01444",2021-10-03,"NMKCASH",100,24
"1445","p01445",2021-10-04,"ESPZBBN",100,38
"1446","p01446",2021-10-04,"TWSIBSU",100,30
"1447","p01447",2021-10-04,"RZNISKM",100,39
"1448","p01448",2021-10-04,"PXVVWZZ",100,26
"1449","p01449",2021-10-04,"NCFOHJJ",100,35
"1450","p01450",2021-10-04,"LUZQZTB",100,28
"1451","p01451",2021-10-04,"ATSHOYI",100,28
"1452","p01452",2021-10-04,"RZXAPLE",100,28
"1453","p01453",2021-10-04,"ZXOYLMM",100,30
"1454","p01454",2021-10-04,"KZPTJIT",100,32
"1455","p01455",2021-10-04,"EGYRIFG",100,30
"1456","p01456",2021-10-04,"IFZUXDV",100,27
"1457","p01457",2021-10-04,"XELPZEN",100,31
"1458","p01458",2021-10-05,"XWIVBQC",100,24
"1459","p01459",2021-10-05,"NLBBRRS",100,40
"1460","p01460",2021-10-05,"VEHGARM",100,28
"1461","p01461",2021-10-05,"LTVGAFM",100,21
"1462","p01462",2021-10-05,"VWEVOEC",100,18
"1463","p01463",2021-10-05,"KYSVFLC",100,23
"1464","p01464",2021-10-05,"ETMXEKN",100,33
"1465","p01465",2021-10-06,"LMGJLDW",100,30
"1466","p01466",2021-10-06,"XWRSXHK",100,32
"1467","p01467",2021-10-06,"KYBHESB",100,38
"1468","p01468",2021-10-06,"IBVDHQY",100,19
"1469","p01469",2021-10-06,"EXNJUVB",100,34
"1470","p01470",2021-10-06,"XIAMGCY",100,34
"1471","p01471",2021-10-06,"DZNCDUT",100,30
"1473","p01473",2021-10-06,"NVJMQZA",100,24
"1474","p01474",2021-10-07,"HMAXRRO",100,25
"1475","p01475",2021-10-07,"LAETZFO",100,32
"1476","p01476",2021-10-07,"ECUDQQP",100,34
"1477","p01477",2021-10-07,"MRUYHGP",100,31
"1478","p01478",2021-10-07,"WSFIDKP",100,22
"1479","p01479",2021-10-07,"LJWCQSE",100,31
"1480","p01480",2021-10-07,"GCKAJOG",100,34
"1481","p01481",2021-10-08,"KLXJSDK",100,28
"1482","p01482",2021-10-08,"MEMFKFK",100,19
"1483","p01483",2021-10-08,"JIKQUWT",100,35
"1484","p01484",2021-10-08,"NAGIFVZ",100,27
"1485","p01485",2021-10-08,"FQBLLFZ",100,36
"1486","p01486",2021-10-08,"MDWFIHZ",100,18
"1487","p01487",2021-10-08,"ZHNLFDZ",100,25
"1488","p01488",2021-10-08,"TMOUMSZ",100,21
"1490","p01490",2021-10-08,"FXTOLQU",100,26
"1491","p01491",2021-10-08,"WZHRXLD",100,30
"1492","p01492",2021-10-09,"NDFNKYB",100,30
"1493","p01493",2021-10-09,"VAAYGVB",100,31
"1494","p01494",2021-10-09,"CKRSVPS",100,44
"1496","p01496",2021-10-09,"ZANKSQY",100,30
"1497","p01497",2021-10-09,"TWYBSLM",100,19
"1498","p01498",2021-10-09,"UJMUJYN",100,23
"1499","p01499",2021-10-09,"UWKWVYQ",100,32
"1500","p01500",2021-10-09,"RTCJBOE",100,24
"1501","p01501",2021-10-10,"KLCEZWA",100,35
"1502","p01502",2021-10-10,"ZGXXXAA",100,24
"1503","p01503",2021-10-10,"NZHCUBQ",100,27
"1504","p01504",2021-10-10,"QMHYJEX",100,41
"1505","p01505",2021-10-10,"VZTDKWZ",100,24
"1506","p01506",2021-10-10,"CJBGRWO",100,29
"1507","p01507",2021-10-10,"XZDXZFK",100,29
"1508","p01508",2021-10-11,"HKURBVT",100,45
"1509","p01509",2021-10-11,"NRXKJCK",100,23
"1510","p01510",2021-10-11,"NZYVDBZ",100,37
"1511","p01511",2021-10-11,"DLBVARC",100,31
"1512","p01512",2021-10-11,"HNZJPIU",100,30
"1513","p01513",2021-10-11,"CVTAJDH",100,44
"1514","p01514",2021-10-11,"RJVMNUA",100,25
"1515","p01515",2021-10-12,"JLWSYMZ",100,32
"1516","p01516",2021-10-12,"PSFSPMD",100,42
"1517","p01517",2021-10-12,"KATKSUK",100,29
"1518","p01518",2021-10-12,"UVPPMXZ",100,38
"1519","p01519",2021-10-12,"FNGHFMN",100,37
"1520","p01520",2021-10-12,"QECCKKT",100,30
"1522","p01522",2021-10-12,"FDLOMXB",100,29
"1523","p01523",2021-10-12,"KEQMBQX",100,21
"1524","p01524",2021-10-12,"CQYLUDX",100,34
"1525","p01525",2021-10-12,"JIWGGUL",100,44
"1526","p01526",2021-10-12,"QBIMSBM",100,27
"1527","p01527",2021-10-12,"FQXATVL",100,29
"1528","p01528",2021-10-12,"NMZNYGM",100,29
"1529","p01529",2021-10-12,"TYCPQZX",100,35
"1530","p01530",2021-10-12,"HKFKHHF",100,33
"1531","p01531",2021-10-13,"QZFWGRO",100,32
"1532","p01532",2021-10-13,"ADTRJIC",100,31
"1533","p01533",2021-10-13,"NKZFWFQ",100,21
"1534","p01534",2021-10-13,"ZJLPOQY",100,22
"1535","p01535",2021-10-13,"RGBTONM",100,38
"1536","p01536",2021-10-13,"UOJRXQI",100,35
"1537","p01537",2021-10-13,"LZRYAOK",100,23
"1538","p01538",2021-10-13,"TEQANUF",100,30
"1539","p01539",2021-10-13,"URPUOFX",100,30
"1540","p01540",2021-10-13,"JZARRMC",100,28
"1541","p01541",2021-10-13,"HKHZFAM",100,34
"1542","p01542",2021-10-13,"UKGNXAJ",100,22
"1543","p01543",2021-10-13,"NIBELCO",100,30
"1544","p01544",2021-10-13,"CRJQHMX",100,32
"1545","p01545",2021-10-14,"LXCWBNY",100,32
"1546","p01546",2021-10-14,"WJZLWYV",100,41
"1547","p01547",2021-10-14,"MMXSZAQ",100,25
"1549","p01549",2021-10-14,"CIHTBFO",100,29
"1550","p01550",2021-10-14,"NSFAATW",100,24
"1551","p01551",2021-10-14,"ZSVMNTO",100,26
"1552","p01552",2021-10-14,"ZWQVVJS",100,23
"1553","p01553",2021-10-14,"UUDHWLQ",100,28
"1555","p01555",2021-10-15,"VZOTJXY",100,42
"1557","p01557",2021-10-15,"BSVFBDD",100,31
"1558","p01558",2021-10-15,"QIXIGKB",100,18
"1559","p01559",2021-10-15,"HWDIAAC",100,32
"1560","p01560",2021-10-15,"SLTXABC",100,26
"1561","p01561",2021-10-16,"AFLZJSV",100,27
"1562","p01562",2021-10-16,"YLPXDLT",100,28
"1563","p01563",2021-10-16,"SSGQIJK",100,30
"1564","p01564",2021-10-16,"QCHYEUX",100,31
"1565","p01565",2021-10-16,"NIAMIYQ",100,26
"1566","p01566",2021-10-16,"ISAKZEC",100,22
"1567","p01567",2021-10-16,"OYQLKZP",100,35
"1568","p01568",2021-10-16,"YYGLXIS",100,29
"1569","p01569",2021-10-17,"GFJLRUJ",100,26
"1570","p01570",2021-10-17,"VVUTCFP",100,25
"1571","p01571",2021-10-17,"HEEXAXP",100,29
"1572","p01572",2021-10-17,"XLRKWVA",100,35
"1573","p01573",2021-10-17,"EJHCCDU",100,25
"1574","p01574",2021-10-17,"JRSCBEL",100,22
"1575","p01575",2021-10-17,"IRULFJS",100,27
"1576","p01576",2021-10-17,"DKEYKOY",100,31
"1577","p01577",2021-10-17,"QUJOHOK",100,41
"1578","p01578",2021-10-17,"VYNHPJJ",100,40
"1579","p01579",2021-10-17,"EGHJPVM",100,27
"1581","p01581",2021-10-18,"ODKEWCZ",100,30
"1582","p01582",2021-10-18,"MRVTGQF",100,44
"1583","p01583",2021-10-18,"GMFJVXK",100,25
"1584","p01584",2021-10-18,"QHLCGDQ",100,37
"1585","p01585",2021-10-18,"MOCIDDP",100,26
"1586","p01586",2021-10-18,"YYZGYXC",100,30
"1587","p01587",2021-10-18,"AGEZHXM",100,33
"1588","p01588",2021-10-18,"UTKNOBJ",100,26
"1589","p01589",2021-10-18,"IDOFTRN",100,30
"1590","p01590",2021-10-18,"FEDLFXE",100,26
"1591","p01591",2021-10-19,"NDRCDAF",100,24
"1592","p01592",2021-10-19,"VSEXTLV",100,33
"1593","p01593",2021-10-19,"CICFKUJ",100,24
"1594","p01594",2021-10-19,"JVCHWYQ",100,24
"1595","p01595",2021-10-19,"LXGNMVW",100,37
"1596","p01596",2021-10-19,"JWVNKMD",100,36
"1597","p01597",2021-10-19,"BOVBXMP",100,26
"1598","p01598",2021-10-19,"TGMARVF",100,36
"1599","p01599",2021-10-19,"EHVPULC",100,39
"1600","p01600",2021-10-19,"DYQTXDW",100,16
"1601","p01601",2021-10-19,"YWBPDCJ",100,32
"1602","p01602",2021-10-19,"BCFPRIY",100,29
"1603","p01603",2021-10-19,"RCZTEFC",100,32
"1604","p01604",2021-10-20,"LOWRKHH",100,29
"1605","p01605",2021-10-20,"YVCXATX",100,31
"1606","p01606",2021-10-20,"DHXSUCF",100,23
"1607","p01607",2021-10-20,"FVDFLIW",100,28
"1608","p01608",2021-10-20,"TCJZEZH",100,22
"1609","p01609",2021-10-20,"RAFBKYD",100,19
"1610","p01610",2021-10-20,"LBQXSUN",100,32
"1611","p01611",2021-10-21,"SFXIKRR",100,33
"1613","p01613",2021-10-21,"IBJTJGP",100,24
"1614","p01614",2021-10-21,"BIGWTBG",100,21
"1615","p01615",2021-10-21,"FXJNRKI",100,30
"1616","p01616",2021-10-21,"KBZGOUX",100,25
"1617","p01617",2021-10-21,"INDYBRZ",100,24
"1618","p01618",2021-10-21,"WKEOANB",100,34
"1619","p01619",2021-10-22,"JYGUWBW",100,28
"1620","p01620",2021-10-22,"QLTZUHV",100,32
"1621","p01621",2021-10-22,"YKSHAPY",100,35
"1622","p01622",2021-10-22,"GBFFOCJ",100,24
"1623","p01623",2021-10-22,"EJDKJLD",100,36
"1624","p01624",2021-10-23,"QHVTCKY",100,30
"1625","p01625",2021-10-23,"XXXYCPE",100,31
"1627","p01627",2021-10-23,"TRIRZNU",100,31
"1628","p01628",2021-10-23,"XSFEYPO",100,39
"1629","p01629",2021-10-24,"XEHKRYL",100,40
"1630","p01630",2021-10-24,"NIZQSGO",100,35
"1631","p01631",2021-10-24,"YWEFIEX",100,25
"1632","p01632",2021-10-24,"LJICNCJ",100,31
"1633","p01633",2021-10-24,"XGTLMAD",100,37
"1635","p01635",2021-10-24,"VMQSEDZ",100,22
"1636","p01636",2021-10-24,"EWEDERG",100,31
"1637","p01637",2021-10-24,"SWFVFGG",100,38
"1638","p01638",2021-10-24,"TXDLMTA",100,38
"1639","p01639",2021-10-25,"GBVLCAK",100,31
"1640","p01640",2021-10-25,"AUPYPKB",100,34
"1642","p01642",2021-10-25,"OZLGWBL",100,32
"1643","p01643",2021-10-25,"NLIQLCY",100,25
"1644","p01644",2021-10-25,"RUGNBTK",100,36
"1645","p01645",2021-10-25,"GNOQUOB",100,37
"1646","p01646",2021-10-26,"SKSLVXC",100,33
"1647","p01647",2021-10-26,"VKQLZHW",100,42
"1648","p01648",2021-10-26,"VPJBCKM",100,32
"1649","p01649",2021-10-26,"DSKRGXD",100,29
"1650","p01650",2021-10-26,"GKPUCRF",100,26
"1651","p01651",2021-10-26,"DKKXEOH",100,39
"1652","p01652",2021-10-26,"QFGDBEV",100,30
"1653","p01653",2021-10-26,"ZPDNNZR",100,27
"1654","p01654",2021-10-26,"CFRAVBY",100,33
"1655","p01655",2021-10-26,"BPRSUSB",100,30
"1656","p01656",2021-10-27,"QAEKVBK",100,29
"1657","p01657",2021-10-27,"JITSTDW",100,41
"1658","p01658",2021-10-27,"RFCWCRP",100,28
"1659","p01659",2021-10-27,"GKMUKER",100,28
"1660","p01660",2021-10-27,"VWAWQNY",100,32
"1661","p01661",2021-10-27,"SFFUQMA",100,33
"1662","p01662",2021-10-27,"ZQRKKBY",100,33
"1663","p01663",2021-10-27,"ZDEUTFG",100,27
"1664","p01664",2021-10-27,"RSZFPAG",100,33
"1665","p01665",2021-10-27,"SFHYVPO",100,37
"1666","p01666",2021-10-27,"FHUZZIB",100,30
"1667","p01667",2021-10-27,"EAUSKUN",100,28
"1668","p01668",2021-10-28,"AUTRSRF",100,37
"1669","p01669",2021-10-28,"QVTPKNI",100,28
"1670","p01670",2021-10-28,"RGCGXAZ",100,34
"1671","p01671",2021-10-28,"HNCQATN",100,34
"1672","p01672",2021-10-28,"KQQIBBJ",100,30
"1673","p01673",2021-10-28,"YNCKNRE",100,24
"1674","p01674",2021-10-28,"LJSBUIB",100,26
"1675","p01675",2021-10-28,"VKJIYJU",100,25
"1676","p01676",2021-10-28,"ASEQMYX",100,25
"1677","p01677",2021-10-29,"CMJNYFN",100,24
"1678","p01678",2021-10-29,"UJTIHNT",100,30
"1679","p01679",2021-10-29,"PIUCJPK",100,33
"1680","p01680",2021-10-29,"AGCNQIM",100,24
"1681","p01681",2021-10-29,"XPLUVGP",100,33
"1682","p01682",2021-10-29,"YPWRNMO",100,25
"1683","p01683",2021-10-29,"XJBYESX",100,35
"1684","p01684",2021-10-29,"TPDMJWS",100,20
"1685","p01685",2021-10-29,"ZLGYUWX",100,32
"1686","p01686",2021-10-29,"QXCZJWB",100,27
"1687","p01687",2021-10-30,"APMYZOY",100,33
"1688","p01688",2021-10-30,"UYHMBDW",100,23
"1689","p01689",2021-10-30,"VFAGAUC",100,19
"1690","p01690",2021-10-30,"NCQEAJW",100,33
"1691","p01691",2021-10-30,"RTGZNAP",100,32
"1692","p01692",2021-10-30,"YOJKLVD",100,37
"1693","p01693",2021-10-30,"ERBDORZ",100,37
"1694","p01694",2021-10-30,"NVATFAQ",100,22
"1695","p01695",2021-10-31,"JHHKRXR",100,31
"1696","p01696",2021-10-31,"VTLJDMV",100,29
"1697","p01697",2021-10-31,"LBBIIML",100,36
"1698","p01698",2021-10-31,"FIPBOVF",100,28
"1699","p01699",2021-10-31,"ZBCUFKL",100,26
"1700","p01700",2021-10-31,"GALBYHS",100,30
"1701","p01701",2021-10-31,"EUPKVZM",100,24
"1702","p01702",2021-10-31,"ERPNROI",100,24
"1703","p01703",2021-10-31,"IHDBAWP",100,36
"1704","p01704",2021-10-31,"FPENHEC",100,23
"1705","p01705",2021-11-01,"SBIRYAF",100,26
"1706","p01706",2021-11-01,"ONSZMGW",100,30
"1707","p01707",2021-11-01,"ZDDZJZA",100,27
"1708","p01708",2021-11-01,"ILAGXYJ",100,35
"1709","p01709",2021-11-01,"LJIWYTH",100,41
"1710","p01710",2021-11-01,"KCYZSOM",100,34
"1711","p01711",2021-11-01,"RCEPOMR",100,26
"1712","p01712",2021-11-01,"JYZITVT",100,38
"1713","p01713",2021-11-01,"OSMECNX",100,26
"1714","p01714",2021-11-02,"JXZAXAB",100,34
"1715","p01715",2021-11-02,"NFLNPIW",100,36
"1716","p01716",2021-11-02,"QLWFBBY",100,24
"1717","p01717",2021-11-02,"BNUZFFS",100,27
"1718","p01718",2021-11-03,"AWZROHL",100,25
"1719","p01719",2021-11-03,"VSJJUIG",100,36
"1720","p01720",2021-11-03,"FYICYTJ",100,26
"1722","p01722",2021-11-03,"SRGDJGI",100,27
"1723","p01723",2021-11-03,"IVXKCAA",100,26
"1724","p01724",2021-11-03,"SHXBULO",100,24
"1725","p01725",2021-11-03,"NJPVPWB",100,33
"1726","p01726",2021-11-03,"BDZINJJ",100,30
"1727","p01727",2021-11-03,"LCAYWQU",100,30
"1728","p01728",2021-11-04,"YJSTVXL",100,27
"1729","p01729",2021-11-04,"KHETMVQ",100,25
"1731","p01731",2021-11-04,"RYGRNRJ",100,45
"1733","p01733",2021-11-04,"TYVWJLG",100,27
"1734","p01734",2021-11-04,"ZEAOKZJ",100,29
"1735","p01735",2021-11-04,"LOUYDLP",100,32
"1736","p01736",2021-11-04,"OHDZQJP",100,31
"1737","p01737",2021-11-04,"DNYMOEA",100,19
"1738","p01738",2021-11-04,"LNWOAFQ",100,30
"1739","p01739",2021-11-05,"JTCSYCT",100,31
"1740","p01740",2021-11-05,"NSANFWZ",100,20
"1741","p01741",2021-11-05,"AYCAFJC",100,28
"1742","p01742",2021-11-05,"RJEOTRU",100,38
"1743","p01743",2021-11-05,"GLUJFRJ",100,34
"1744","p01744",2021-11-06,"YKIZCSD",100,41
"1745","p01745",2021-11-06,"BGDWUIJ",100,33
"1746","p01746",2021-11-06,"DBSJXQC",100,28
"1747","p01747",2021-11-06,"AMKIUKC",100,28
"1748","p01748",2021-11-07,"QIZSFKV",100,25
"1749","p01749",2021-11-07,"KNGEOMD",100,28
"1750","p01750",2021-11-07,"YEKUATE",100,23
"1751","p01751",2021-11-07,"JOPBZOY",100,23
"1752","p01752",2021-11-07,"TTWUZUZ",100,25
"1753","p01753",2021-11-07,"PNEPCDU",100,40
"1754","p01754",2021-11-07,"ULAAPNP",100,36
"1755","p01755",2021-11-07,"YXNPZRC",100,30
"1756","p01756",2021-11-07,"ONNFIMW",100,37
"1757","p01757",2021-11-07,"TBBKPTC",100,21
"1758","p01758",2021-11-07,"URKXWEN",100,33
"1759","p01759",2021-11-08,"VREXVNU",100,31
"1760","p01760",2021-11-08,"TSOSUFP",100,20
"1761","p01761",2021-11-08,"GTVWDJR",100,31
"1762","p01762",2021-11-08,"GJWHSEB",100,29
"1763","p01763",2021-11-09,"YBKUMMI",100,26
"1764","p01764",2021-11-09,"MNDBNAC",100,32
"1765","p01765",2021-11-09,"YNLPIYI",100,42
"1766","p01766",2021-11-09,"NNABTST",100,20
"1767","p01767",2021-11-09,"WKSYWND",100,23
"1768","p01768",2021-11-09,"WRPOXSQ",100,26
"1769","p01769",2021-11-09,"TRKTUQE",100,18
"1770","p01770",2021-11-09,"UNVNZUQ",100,19
"1771","p01771",2021-11-09,"EUROPPY",100,29
"1772","p01772",2021-11-09,"STJEXNR",100,34
"1773","p01773",2021-11-10,"JRVHXUU",100,17
"1774","p01774",2021-11-10,"RRRPRSV",100,31
"1775","p01775",2021-11-10,"VDMNHIQ",100,31
"1776","p01776",2021-11-10,"JKRMNJC",100,30
"1777","p01777",2021-11-10,"WZBEWDY",100,29
"1778","p01778",2021-11-11,"RCAKXTB",100,24
"1779","p01779",2021-11-11,"VZCIDQE",100,30
"1780","p01780",2021-11-12,"FVTENNB",100,20
"1781","p01781",2021-11-12,"BGFORMF",100,31
"1782","p01782",2021-11-12,"UCGGVPL",100,29
"1783","p01783",2021-11-12,"IDGYCBC",100,22
"1784","p01784",2021-11-12,"ZHVHQQY",100,21
"1785","p01785",2021-11-12,"OBVUZEN",100,36
"1786","p01786",2021-11-12,"RWIFTAB",100,30
"1787","p01787",2021-11-12,"YWWADQI",100,23
"1788","p01788",2021-11-13,"OAHVLLJ",100,29
"1789","p01789",2021-11-13,"ZJIPQSH",100,38
"1790","p01790",2021-11-13,"JWCXXBW",100,27
"1791","p01791",2021-11-13,"JFZAYHK",100,28
"1792","p01792",2021-11-13,"XCLUIJE",100,25
"1793","p01793",2021-11-13,"JNJMYFE",100,32
"1794","p01794",2021-11-14,"PEYRRCC",100,29
"1795","p01795",2021-11-14,"EMZJEAI",100,29
"1796","p01796",2021-11-14,"XWFLVUZ",100,38
"1797","p01797",2021-11-15,"JRMTIMN",100,32
"1798","p01798",2021-11-15,"NNDTADQ",100,30
"1799","p01799",2021-11-15,"HNCNXOP",100,27
"1800","p01800",2021-11-15,"LYGGMIQ",100,23
"1801","p01801",2021-11-16,"DJOVKFW",100,23
"1802","p01802",2021-11-16,"DXBCRIG",100,30
"1803","p01803",2021-11-16,"FBTQBXR",100,29
"1804","p01804",2021-11-16,"DTGVDPA",100,22
"1805","p01805",2021-11-17,"QARMOYF",100,34
"1806","p01806",2021-11-17,"STSDLUO",100,32
"1807","p01807",2021-11-17,"TTPKYJR",100,33
"1808","p01808",2021-11-17,"EUAGXWP",100,27
"1810","p01810",2021-11-17,"EAJCLJX",100,36
"1811","p01811",2021-11-18,"QVFLOML",100,35
"1812","p01812",2021-11-18,"OLAESIN",100,29
"1813","p01813",2021-11-18,"AADNEHH",100,32
"1814","p01814",2021-11-19,"TJSPDLR",100,23
"1815","p01815",2021-11-19,"REWWMWR",100,28
"1816","p01816",2021-11-19,"DZKJUVX",100,38
"1817","p01817",2021-11-19,"ZXJJHEM",100,31
"1818","p01818",2021-11-19,"QODYCLE",100,27
"1819","p01819",2021-11-19,"HRSCOBY",100,32
"1820","p01820",2021-11-19,"KVBRPAF",100,33
"1822","p01822",2021-11-19,"EQWRHLR",100,42
"1823","p01823",2021-11-19,"IXGVGYZ",100,34
"1824","p01824",2021-11-20,"VFYTAXJ",100,28
"1825","p01825",2021-11-20,"RZZSNZG",100,20
"1826","p01826",2021-11-21,"FNKOHGS",100,28
"1827","p01827",2021-11-21,"GOYIDRJ",100,34
"1828","p01828",2021-11-21,"QEDHZSD",100,22
"1829","p01829",2021-11-21,"IRWGLDV",100,33
"1830","p01830",2021-11-21,"ZONIFVF",100,40
"1831","p01831",2021-11-22,"BNCZSBG",100,24
"1832","p01832",2021-11-22,"NYEBCLF",100,36
"1833","p01833",2021-11-22,"JLDDRXD",100,46
"1834","p01834",2021-11-22,"BGNFTUY",100,29
"1835","p01835",2021-11-22,"IXIONKO",100,26
"1836","p01836",2021-11-22,"YNZLQYZ",100,28
"1838","p01838",2021-11-23,"OMSXKPH",100,31
"1839","p01839",2021-11-23,"PZNFWMT",100,31
"1840","p01840",2021-11-23,"CREGQKF",100,27
"1841","p01841",2021-11-23,"MSCVXUW",100,31
"1842","p01842",2021-11-24,"ZQUOHES",100,28
"1843","p01843",2021-11-24,"JRMIHTB",100,34
"1844","p01844",2021-11-24,"FQHYIZP",100,25
"1845","p01845",2021-11-24,"GJSMCEJ",100,31
"1846","p01846",2021-11-25,"WHFWPQD",100,24
"1847","p01847",2021-11-25,"LCGMRQZ",100,32
"1848","p01848",2021-11-25,"CYHGAIF",100,23
"1849","p01849",2021-11-25,"HZBUJES",100,42
"1850","p01850",2021-11-25,"XVJSNZO",100,26
"1851","p01851",2021-11-25,"CESMDML",100,23
"1852","p01852",2021-11-25,"NQAHVIF",100,33
"1853","p01853",2021-11-25,"CNWBZQG",100,22
"1854","p01854",2021-11-26,"AONHKJO",100,28
"1855","p01855",2021-11-26,"ZLEMEGP",100,32
"1856","p01856",2021-11-26,"ROTLPKY",100,34
"1857","p01857",2021-11-26,"JTKJJBA",100,27
"1858","p01858",2021-11-26,"YIFSAZZ",100,28
"1859","p01859",2021-11-26,"NNDPQSQ",100,25
"1860","p01860",2021-11-27,"OOFSLVM",100,32
"1861","p01861",2021-11-27,"UKHSPYZ",100,25
"1862","p01862",2021-11-27,"FFTGBWM",100,33
"1863","p01863",2021-11-27,"IGHOGDG",100,30
"1864","p01864",2021-11-27,"RYZQTMR",100,24
"1865","p01865",2021-11-27,"YOADBFB",100,30
"1866","p01866",2021-11-27,"MOVZQZU",100,31
"1868","p01868",2021-11-28,"MMFXJSG",100,26
"1869","p01869",2021-11-28,"TUUFIVV",100,28
"1870","p01870",2021-11-29,"IWLYEWZ",100,37
"1871","p01871",2021-11-29,"INKNZAB",100,22
"1872","p01872",2021-11-30,"XHKBEBN",100,45
"1873","p01873",2021-11-30,"PRWCJYI",100,25
"1874","p01874",2021-11-30,"UHBLIEB",100,37
"1875","p01875",2021-11-30,"DOINTLM",100,29
"1876","p01876",2021-12-01,"CQJVOIG",100,36
"1877","p01877",2021-12-01,"XISFEBN",100,31
"1878","p01878",2021-12-01,"RYQWXKC",100,27
"1879","p01879",2021-12-01,"XDKODAO",100,32
"1880","p01880",2021-12-01,"ACQRBAH",100,30
"1881","p01881",2021-12-02,"GTATTCD",100,31
"1882","p01882",2021-12-02,"IJAHYIW",100,33
"1883","p01883",2021-12-02,"TGIJYOI",100,33
"1884","p01884",2021-12-02,"YRAMQFL",100,31
"1885","p01885",2021-12-02,"LLMQWUG",100,21
"1886","p01886",2021-12-02,"WXEJGNY",100,32
"1887","p01887",2021-12-02,"SLOJNZH",100,31
"1888","p01888",2021-12-03,"YRLPJEU",100,26
"1889","p01889",2021-12-03,"IWPEFSP",100,34
"1890","p01890",2021-12-03,"UIUIDCC",100,32
"1891","p01891",2021-12-03,"LMTTGVJ",100,25
"1892","p01892",2021-12-04,"LJRTVNY",100,31
"1893","p01893",2021-12-05,"JXBKELB",100,26
"1894","p01894",2021-12-05,"ZOBMDHD",100,35
"1895","p01895",2021-12-05,"BROMQYM",100,23
"1896","p01896",2021-12-05,"XCOTMET",100,33
"1897","p01897",2021-12-05,"GJDGDBO",100,27
"1898","p01898",2021-12-06,"RFWOYDG",100,42
"1899","p01899",2021-12-06,"RZNLMOK",100,26
"1900","p01900",2021-12-06,"QDPSLCC",100,30
"1901","p01901",2021-12-06,"CCGLSLH",100,37
"1902","p01902",2021-12-07,"YWVQSFC",100,30
"1903","p01903",2021-12-07,"IFHSDCT",100,31
"1904","p01904",2021-12-07,"UBHFPDJ",100,28
"1905","p01905",2021-12-07,"ZAWNPJN",100,31
"1906","p01906",2021-12-08,"YGYPJSZ",100,32
"1908","p01908",2021-12-08,"DGYTKHS",100,30
"1909","p01909",2021-12-09,"FYFYACV",100,24
"1910","p01910",2021-12-09,"ZOFBOHP",100,36
"1911","p01911",2021-12-09,"LXDYWBP",100,32
"1912","p01912",2021-12-09,"VUSKAYP",100,42
"1913","p01913",2021-12-10,"HORLDYG",100,27
"1914","p01914",2021-12-10,"QHPAWDT",100,33
"1915","p01915",2021-12-10,"DTVBJEW",100,31
"1916","p01916",2021-12-11,"JZYSCOB",100,30
"1917","p01917",2021-12-11,"BXCMBGJ",100,28
"1918","p01918",2021-12-12,"KVPMKRG",100,28
"1919","p01919",2021-12-12,"CXPXQVN",100,26
"1920","p01920",2021-12-13,"CWNGGXE",100,22
"1921","p01921",2021-12-13,"GKSKGNA",100,30
"1922","p01922",2021-12-14,"NMOVOCJ",100,28
"1923","p01923",2021-12-14,"ITEEXNA",100,30
"1924","p01924",2021-12-14,"SCBAPOA",100,44
"1925","p01925",2021-12-14,"AUNXHDX",100,35
"1926","p01926",2021-12-15,"MQOABGZ",100,34
"1927","p01927",2021-12-15,"LPFDWIW",100,31
"1928","p01928",2021-12-16,"FOWPCBN",100,32
"1929","p01929",2021-12-16,"BYUGQFX",100,23
"1930","p01930",2021-12-16,"CXUBFZR",100,30
"1931","p01931",2021-12-17,"RMXGKDS",100,38
"1932","p01932",2021-12-17,"PAACBTA",100,28
"1933","p01933",2021-12-17,"XZQIOUS",100,28
"1934","p01934",2021-12-17,"OOPNKVT",100,38
"1936","p01936",2021-12-18,"MBUKZFG",100,26
"1937","p01937",2021-12-18,"WFNWCWY",100,29
"1938","p01938",2021-12-18,"WXKNEWZ",100,36
"1939","p01939",2021-12-18,"DVXQHHC",100,25
"1940","p01940",2021-12-18,"PGSNMCT",100,28
"1941","p01941",2021-12-19,"LTKPHSI",100,32
"1942","p01942",2021-12-19,"XUNWJQA",100,36
"1943","p01943",2021-12-19,"IEWCNSP",100,25
"1944","p01944",2021-12-19,"JZOLEVG",100,37
"1945","p01945",2021-12-19,"LCKXIPC",100,28
"1946","p01946",2021-12-19,"PSDMAYX",100,30
"1947","p01947",2021-12-20,"HPTPOIR",100,35
"1948","p01948",2021-12-20,"ZIFSLXQ",100,28
"1949","p01949",2021-12-21,"NAAHQUY",100,34
"1950","p01950",2021-12-21,"NPBSVYF",100,21
"1952","p01952",2021-12-21,"TDWAEZZ",100,20
"1953","p01953",2021-12-22,"AWKTHRO",100,34
"1954","p01954",2021-12-22,"AEJCFSA",100,37
"1955","p01955",2021-12-22,"INMFEIS",100,32
"1956","p01956",2021-12-22,"SLRRIXH",100,32
"1957","p01957",2021-12-23,"DJXBTMZ",100,36
"1958","p01958",2021-12-25,"HEXNHBH",100,23
"1959","p01959",2021-12-25,"LLRPTVR",100,24
"1960","p01960",2021-12-25,"ZLPVBCE",100,23
"1961","p01961",2021-12-26,"TBSCDJV",100,28
"1962","p01962",2021-12-26,"DLYBCMG",100,26
"1963","p01963",2021-12-27,"EQUSJXR",100,26
"1964","p01964",2021-12-29,"ZQDOWGJ",100,27
"1965","p01965",2021-12-29,"KJNGKHX",100,31
"1966","p01966",2021-12-30,"AFYAJIK",100,30
"1967","p01967",2021-12-31,"HCLNOKS",100,38
"1968","p01968",2021-12-31,"EKAWORI",100,18
"1969","p01969",2021-12-31,"TQXQNTD",100,26
"2310","p00023",2021-02-10,"AUNXHDX",100,25
"5010","p00050",2021-02-18,"ZMVYMSL",100,30
"591","p00059",2021-02-19,"UVAFIBT",100,39
"6410","p00064",2021-02-21,"YEDIVIG",100,35
"6610","p00066",2021-02-21,"QPLYRZV",100,18
"7110","p00071",2021-02-22,"BAYIRTP",100,33
"9310","p00093",2021-02-26,"ZTZSZUC",100,32
"1361","p00136",2021-03-04,"HGUTUBT",100,29
"14210","p00142",2021-03-06,"HYDZHHX",100,19
"1554","p00155",2021-03-08,"UVIRWZC",100,30
"2271","p00227",2021-03-15,"QAEKVBK",100,32
"2421","p00242",2021-03-17,"HWSYXJF",100,41
"2431","p00243",2021-03-17,"QAAFSNA",100,22
"2481","p00248",2021-03-17,"DBSJXQC",100,25
"2991","p00299",2021-03-21,"VXAAYIW",100,33
"3141","p00314",2021-03-22,"XPMQRLT",100,26
"3251","p00325",2021-03-23,"JVCHWYQ",100,21
"3811","p00381",2021-03-27,"CHELCST",100,24
"3831","p00383",2021-03-28,"CIHTBFO",100,40
"4021","p00402",2021-03-29,"QMHYJEX",100,42
"4081","p00408",2021-03-29,"PYLGHKK",100,31
"4201","p00420",2021-03-30,"ZHMHASO",100,30
"4251","p00425",2021-03-31,"INDYBRZ",100,43
"4301","p00430",2021-03-31,"TJDBHGE",100,32
"4361","p00436",2021-04-01,"HEEXAXP",100,25
"4431","p00443",2021-04-01,"JRVHXUU",100,24
"4461","p00446",2021-04-01,"JRSCBEL",100,40
"4471","p00447",2021-04-01,"LZJFUOG",100,42
"5091","p00509",2021-04-06,"HKFKHHF",100,35
"5481","p00548",2021-04-10,"HWMKHSA",100,25
"5801","p00580",2021-04-12,"ZLBJNEZ",100,21
"6351","p00635",2021-04-16,"LLMQWUG",100,37
"6791","p00679",2021-04-20,"MOVZQZU",100,41
"7091","p00709",2021-04-23,"ZEAOKZJ",100,28
"7211","p00721",2021-04-24,"EAJCLJX",100,27
"7711","p00771",2021-04-29,"VPTBJIP",100,23
"7721","p00772",2021-04-29,"LMGJLDW",100,31
"8041","p00804",2021-05-02,"TXSDEVE",100,24
"8131","p00813",2021-05-04,"FEDLFXE",100,29
"8321","p00832",2021-05-07,"YKIZCSD",100,34
"9111","p00911",2021-05-21,"MQOABGZ",100,30
"9181","p00918",2021-05-24,"VTLJDMV",100,25
"9221","p00922",2021-05-25,"JUTAVOY",100,24
"9371","p00937",2021-05-27,"FHUZZIB",100,34
"9481","p00948",2021-06-02,"DJOVKFW",100,26
"9741","p00974",2021-06-13,"PRWCJYI",100,26
"9921","p00992",2021-06-24,"TDWAEZZ",100,31
"10001","p01000",2021-07-03,"QXMRTCL",100,25
"10381","p01038",2021-07-25,"JPLILCW",100,34
"10781","p01078",2021-08-11,"QZYWKWM",100,32
"11131","p01113",2021-08-20,"EKMTDVB",100,29
"11421","p01142",2021-08-27,"ERFSOLQ",100,27
"11501","p01150",2021-08-28,"YIYWLBC",100,26
"11511","p01151",2021-08-28,"CCEXJHP",100,31
"11581","p01158",2021-08-29,"DXVEUKJ",100,32
"11801","p01180",2021-09-02,"FCCLMUJ",100,19
"12391","p01239",2021-09-10,"FCGLFWA",100,23
"13081","p01308",2021-09-17,"DNZKHES",100,30
"13191","p01319",2021-09-19,"JRFOCFG",100,27
"13311","p01331",2021-09-20,"ADOSYIO",100,26
"13711","p01371",2021-09-24,"WONXCVF",100,28
"13861","p01386",2021-09-26,"SABLEIM",100,34
"14251","p01425",2021-10-01,"ALWRWAR",100,33
"14451","p01445",2021-10-04,"ESPZBBN",100,38
"14691","p01469",2021-10-06,"EXNJUVB",100,34
"14741","p01474",2021-10-07,"HMAXRRO",100,25
"14771","p01477",2021-10-07,"MRUYHGP",100,31
"15141","p01514",2021-10-11,"RJVMNUA",100,25
"15511","p01551",2021-10-14,"ZSVMNTO",100,26
"15521","p01552",2021-10-14,"ZWQVVJS",100,23
"15591","p01559",2021-10-15,"HWDIAAC",100,32
"15691","p01569",2021-10-17,"GFJLRUJ",100,26
"16241","p01624",2021-10-23,"QHVTCKY",100,30
"16471","p01647",2021-10-26,"VKQLZHW",100,42
"16501","p01650",2021-10-26,"GKPUCRF",100,26
"16551","p01655",2021-10-26,"BPRSUSB",100,30
"16701","p01670",2021-10-28,"RGCGXAZ",100,34
"16741","p01674",2021-10-28,"LJSBUIB",100,26
"16811","p01681",2021-10-29,"XPLUVGP",100,33
"16991","p01699",2021-10-31,"ZBCUFKL",100,26
"17011","p01701",2021-10-31,"EUPKVZM",100,24
"17051","p01705",2021-11-01,"SBIRYAF",100,26
"17061","p01706",2021-11-01,"ONSZMGW",100,30
"17401","p01740",2021-11-05,"NSANFWZ",100,20
"17561","p01756",2021-11-07,"ONNFIMW",100,37
"17651","p01765",2021-11-09,"YNLPIYI",100,42
"17671","p01767",2021-11-09,"WKSYWND",100,23
"17681","p01768",2021-11-09,"WRPOXSQ",100,26
"17741","p01774",2021-11-10,"RRRPRSV",100,31
"18541","p01854",2021-11-26,"AONHKJO",100,28
"19361","p01936",2021-12-18,"MBUKZFG",100,26
"19651","p01965",2021-12-29,"KJNGKHX",100,31
