"","deposit_date","deposit_amount","deposit_no"
"1",2021-01-01,42207,"d00001"
"2",2021-01-02,46859,"d00002"
"3",2021-01-03,37831,"d00003"
"4",2021-01-04,42369,"d00004"
"5",2021-01-05,41640,"d00005"
"6",2021-01-06,38797,"d00006"
"7",2021-01-07,40678,"d00007"
"8",2021-01-08,32116,"d00008"
"9",2021-01-09,36668,"d00009"
"10",2021-01-10,42345,"d00010"
"11",2021-01-11,40536,"d00011"
"12",2021-01-12,43723,"d00012"
"13",2021-01-13,44113,"d00013"
"14",2021-01-14,42354,"d00014"
"15",2021-01-15,40526,"d00015"
"16",2021-01-16,45659,"d00016"
"17",2021-01-17,37388,"d00017"
"18",2021-01-18,39236,"d00018"
"19",2021-01-19,41762,"d00019"
"20",2021-01-20,43075,"d00020"
"21",2021-01-21,41532,"d00021"
"22",2021-01-22,41288,"d00022"
"23",2021-01-23,37251,"d00023"
"24",2021-01-24,46335,"d00024"
"25",2021-01-25,44894,"d00025"
"26",2021-01-26,40646,"d00026"
"27",2021-01-27,41479,"d00027"
"28",2021-01-28,41368,"d00028"
"29",2021-01-29,40747,"d00029"
"30",2021-01-30,37612,"d00030"
"31",2021-01-31,41018,"d00031"
"32",2021-02-01,42920,"d00032"
"33",2021-02-02,40327,"d00033"
"34",2021-02-03,42926,"d00034"
"35",2021-02-04,40177,"d00035"
"36",2021-02-05,43501,"d00036"
"37",2021-02-06,42244,"d00037"
"38",2021-02-07,41568,"d00038"
"39",2021-02-08,39414,"d00039"
"40",2021-02-09,47306,"d00040"
"41",2021-02-10,41509,"d00041"
"42",2021-02-11,38926,"d00042"
"43",2021-02-12,40699,"d00043"
"44",2021-02-13,45985,"d00044"
"45",2021-02-14,43565,"d00045"
"46",2021-02-15,35536,"d00046"
"47",2021-02-16,37711,"d00047"
"48",2021-02-17,38826,"d00048"
"49",2021-02-18,40919,"d00049"
"50",2021-02-19,46885,"d00050"
"51",2021-02-20,41432,"d00051"
"52",2021-02-21,40656,"d00052"
"53",2021-02-22,41931,"d00053"
"54",2021-02-23,40223,"d00054"
"55",2021-02-24,36623,"d00055"
"56",2021-02-25,42073,"d00056"
"57",2021-02-26,40664,"d00057"
"58",2021-02-27,40282,"d00058"
"59",2021-02-28,44361,"d00059"
"60",2021-03-01,41556,"d00060"
"61",2021-03-02,46912,"d00061"
"62",2021-03-03,36499,"d00062"
"63",2021-03-04,41205,"d00063"
"64",2021-03-05,41495,"d00064"
"65",2021-03-06,39593,"d00065"
"66",2021-03-07,43631,"d00066"
"67",2021-03-08,38788,"d00067"
"68",2021-03-09,41092,"d00068"
"69",2021-03-10,43322,"d00069"
"70",2021-03-11,39568,"d00070"
"71",2021-03-12,39980,"d00071"
"72",2021-03-13,41486,"d00072"
"73",2021-03-14,36694,"d00073"
"74",2021-03-15,38183,"d00074"
"75",2021-03-16,41487,"d00075"
"76",2021-03-17,38087,"d00076"
"77",2021-03-18,39527,"d00077"
"78",2021-03-19,43343,"d00078"
"79",2021-03-20,47416,"d00079"
"80",2021-03-21,36555,"d00080"
"81",2021-03-22,42920,"d00081"
"82",2021-03-23,41126,"d00082"
"83",2021-03-24,40284,"d00083"
"84",2021-03-25,39233,"d00084"
"85",2021-03-26,38887,"d00085"
"86",2021-03-27,40161,"d00086"
"87",2021-03-28,46552,"d00087"
"88",2021-03-29,39426,"d00088"
"89",2021-03-30,39572,"d00089"
"90",2021-03-31,40987,"d00090"
"91",2021-04-01,42686,"d00091"
"92",2021-04-02,46178,"d00092"
"93",2021-04-03,39483,"d00093"
"94",2021-04-04,37555,"d00094"
"95",2021-04-05,34721,"d00095"
"96",2021-04-06,42829,"d00096"
"97",2021-04-07,39508,"d00097"
"98",2021-04-08,38373,"d00098"
"99",2021-04-09,44240,"d00099"
"100",2021-04-10,44766,"d00100"
"101",2021-04-11,40178,"d00101"
"102",2021-04-12,35697,"d00102"
"103",2021-04-13,43801,"d00103"
"104",2021-04-14,45014,"d00104"
"105",2021-04-15,33216,"d00105"
"106",2021-04-16,42960,"d00106"
"107",2021-04-17,35614,"d00107"
"108",2021-04-18,42138,"d00108"
"109",2021-04-19,38294,"d00109"
"110",2021-04-20,42101,"d00110"
"111",2021-04-21,41723,"d00111"
"112",2021-04-22,43837,"d00112"
"113",2021-04-23,46728,"d00113"
"114",2021-04-24,40329,"d00114"
"115",2021-04-25,40361,"d00115"
"116",2021-04-26,46588,"d00116"
"117",2021-04-27,39619,"d00117"
"118",2021-04-28,43592,"d00118"
"119",2021-04-29,41437,"d00119"
"120",2021-04-30,42397,"d00120"
"121",2021-05-01,46733,"d00121"
"122",2021-05-02,43654,"d00122"
"123",2021-05-03,44861,"d00123"
"124",2021-05-04,40411,"d00124"
"125",2021-05-05,43351,"d00125"
"126",2021-05-06,44766,"d00126"
"127",2021-05-07,42471,"d00127"
"128",2021-05-08,33915,"d00128"
"129",2021-05-09,42271,"d00129"
"130",2021-05-10,41668,"d00130"
"131",2021-05-11,43544,"d00131"
"132",2021-05-12,40910,"d00132"
"133",2021-05-13,42853,"d00133"
"134",2021-05-14,42502,"d00134"
"135",2021-05-15,43367,"d00135"
"136",2021-05-16,37729,"d00136"
"137",2021-05-17,43754,"d00137"
"138",2021-05-18,42642,"d00138"
"139",2021-05-19,38878,"d00139"
"140",2021-05-20,47094,"d00140"
"141",2021-05-21,34592,"d00141"
"142",2021-05-22,41894,"d00142"
"143",2021-05-23,35530,"d00143"
"144",2021-05-24,41174,"d00144"
"145",2021-05-25,42893,"d00145"
"146",2021-05-26,39047,"d00146"
"147",2021-05-27,42195,"d00147"
"148",2021-05-28,43031,"d00148"
"149",2021-05-29,34683,"d00149"
"150",2021-05-30,39550,"d00150"
"151",2021-05-31,38269,"d00151"
"152",2021-06-01,43756,"d00152"
"153",2021-06-02,40095,"d00153"
"154",2021-06-03,40586,"d00154"
"155",2021-06-04,45907,"d00155"
"156",2021-06-05,43166,"d00156"
"157",2021-06-06,39724,"d00157"
"158",2021-06-07,39565,"d00158"
"159",2021-06-08,44379,"d00159"
"160",2021-06-09,45398,"d00160"
"161",2021-06-10,40756,"d00161"
"162",2021-06-11,36752,"d00162"
"163",2021-06-12,38820,"d00163"
"164",2021-06-13,44282,"d00164"
"165",2021-06-14,41411,"d00165"
"166",2021-06-15,43830,"d00166"
"167",2021-06-16,40750,"d00167"
"168",2021-06-17,36253,"d00168"
"169",2021-06-18,38935,"d00169"
"170",2021-06-19,38870,"d00170"
"171",2021-06-20,46242,"d00171"
"172",2021-06-21,41966,"d00172"
"173",2021-06-22,48962,"d00173"
"174",2021-06-23,44882,"d00174"
"175",2021-06-24,37664,"d00175"
"176",2021-06-25,39698,"d00176"
"177",2021-06-26,38402,"d00177"
"178",2021-06-27,41726,"d00178"
"179",2021-06-28,39473,"d00179"
"180",2021-06-29,44452,"d00180"
"181",2021-06-30,45289,"d00181"
"182",2021-07-01,38461,"d00182"
"183",2021-07-02,34069,"d00183"
"184",2021-07-03,47693,"d00184"
"185",2021-07-04,41455,"d00185"
"186",2021-07-05,45729,"d00186"
"187",2021-07-06,46364,"d00187"
"188",2021-07-07,42245,"d00188"
"189",2021-07-08,44849,"d00189"
"190",2021-07-09,41707,"d00190"
"191",2021-07-10,41526,"d00191"
"192",2021-07-11,42108,"d00192"
"193",2021-07-12,42157,"d00193"
"194",2021-07-13,41291,"d00194"
"195",2021-07-14,44846,"d00195"
"196",2021-07-15,39385,"d00196"
"197",2021-07-16,37313,"d00197"
"198",2021-07-17,41543,"d00198"
"199",2021-07-18,43220,"d00199"
"200",2021-07-19,40069,"d00200"
"201",2021-07-20,38494,"d00201"
"202",2021-07-21,37722,"d00202"
"203",2021-07-22,39351,"d00203"
"204",2021-07-23,40189,"d00204"
"205",2021-07-24,39482,"d00205"
"206",2021-07-25,40391,"d00206"
"207",2021-07-26,38690,"d00207"
"208",2021-07-27,41809,"d00208"
"209",2021-07-28,43101,"d00209"
"210",2021-07-29,37613,"d00210"
"211",2021-07-30,42268,"d00211"
"212",2021-07-31,44101,"d00212"
"213",2021-08-01,40279,"d00213"
"214",2021-08-02,43695,"d00214"
"215",2021-08-03,39348,"d00215"
"216",2021-08-04,40524,"d00216"
"217",2021-08-05,41658,"d00217"
"218",2021-08-06,38777,"d00218"
"219",2021-08-07,39114,"d00219"
"220",2021-08-08,52145,"d00220"
"221",2021-08-09,40415,"d00221"
"222",2021-08-10,32621,"d00222"
"223",2021-08-11,35207,"d00223"
"224",2021-08-12,38027,"d00224"
"225",2021-08-13,46259,"d00225"
"226",2021-08-14,46060,"d00226"
"227",2021-08-15,43747,"d00227"
"228",2021-08-16,40569,"d00228"
"229",2021-08-17,38544,"d00229"
"230",2021-08-18,41079,"d00230"
"231",2021-08-19,45062,"d00231"
"232",2021-08-20,44020,"d00232"
"233",2021-08-21,41563,"d00233"
"234",2021-08-22,38486,"d00234"
"235",2021-08-23,42680,"d00235"
"236",2021-08-24,39530,"d00236"
"237",2021-08-25,42512,"d00237"
"238",2021-08-26,40360,"d00238"
"239",2021-08-27,39850,"d00239"
"240",2021-08-28,39981,"d00240"
"241",2021-08-29,40844,"d00241"
"242",2021-08-30,44004,"d00242"
"243",2021-08-31,42416,"d00243"
"244",2021-09-01,44317,"d00244"
"245",2021-09-02,42311,"d00245"
"246",2021-09-03,40877,"d00246"
"247",2021-09-04,42005,"d00247"
"248",2021-09-05,39851,"d00248"
"249",2021-09-06,37524,"d00249"
"250",2021-09-07,45194,"d00250"
"251",2021-09-08,39885,"d00251"
"252",2021-09-09,39683,"d00252"
"253",2021-09-10,45935,"d00253"
"254",2021-09-11,52473,"d00254"
"255",2021-09-12,39495,"d00255"
"256",2021-09-13,40428,"d00256"
"257",2021-09-14,38051,"d00257"
"258",2021-09-15,46180,"d00258"
"259",2021-09-16,35812,"d00259"
"260",2021-09-17,42468,"d00260"
"261",2021-09-18,36097,"d00261"
"262",2021-09-19,41028,"d00262"
"263",2021-09-20,39539,"d00263"
"264",2021-09-21,44849,"d00264"
"265",2021-09-22,41695,"d00265"
"266",2021-09-23,43543,"d00266"
"267",2021-09-24,42703,"d00267"
"268",2021-09-25,39806,"d00268"
"269",2021-09-26,46004,"d00269"
"270",2021-09-27,41232,"d00270"
"271",2021-09-28,40388,"d00271"
"272",2021-09-29,37733,"d00272"
"273",2021-09-30,42416,"d00273"
"274",2021-10-01,41352,"d00274"
"275",2021-10-02,36551,"d00275"
"276",2021-10-03,42170,"d00276"
"277",2021-10-04,40563,"d00277"
"278",2021-10-05,46331,"d00278"
"279",2021-10-06,40129,"d00279"
"280",2021-10-07,39533,"d00280"
"281",2021-10-08,38606,"d00281"
"282",2021-10-09,40143,"d00282"
"283",2021-10-10,37874,"d00283"
"284",2021-10-11,49390,"d00284"
"285",2021-10-12,37446,"d00285"
"286",2021-10-13,44444,"d00286"
"287",2021-10-14,43525,"d00287"
"288",2021-10-15,42538,"d00288"
"289",2021-10-16,43765,"d00289"
"290",2021-10-17,36789,"d00290"
"291",2021-10-18,39573,"d00291"
"292",2021-10-19,41684,"d00292"
"293",2021-10-20,42308,"d00293"
"294",2021-10-21,43532,"d00294"
"295",2021-10-22,36386,"d00295"
"296",2021-10-23,41971,"d00296"
"297",2021-10-24,43684,"d00297"
"298",2021-10-25,38984,"d00298"
"299",2021-10-26,44674,"d00299"
"300",2021-10-27,46293,"d00300"
"301",2021-10-28,44985,"d00301"
"302",2021-10-29,42147,"d00302"
"303",2021-10-30,42719,"d00303"
"304",2021-10-31,40210,"d00304"
"305",2021-11-01,43876,"d00305"
"306",2021-11-02,43485,"d00306"
"307",2021-11-03,36153,"d00307"
"308",2021-11-04,41954,"d00308"
"309",2021-11-05,43240,"d00309"
"310",2021-11-06,39336,"d00310"
"311",2021-11-07,42833,"d00311"
"312",2021-11-08,40619,"d00312"
"313",2021-11-09,39176,"d00313"
"314",2021-11-10,37458,"d00314"
"315",2021-11-11,43024,"d00315"
"316",2021-11-12,43132,"d00316"
"317",2021-11-13,36564,"d00317"
"318",2021-11-14,36686,"d00318"
"319",2021-11-15,39044,"d00319"
"320",2021-11-16,38084,"d00320"
"321",2021-11-17,47202,"d00321"
"322",2021-11-18,36222,"d00322"
"323",2021-11-19,42866,"d00323"
"324",2021-11-20,43168,"d00324"
"325",2021-11-21,43978,"d00325"
"326",2021-11-22,39612,"d00326"
"327",2021-11-23,43048,"d00327"
"328",2021-11-24,39847,"d00328"
"329",2021-11-25,46944,"d00329"
"330",2021-11-26,40523,"d00330"
"331",2021-11-27,40002,"d00331"
"332",2021-11-28,37926,"d00332"
"333",2021-11-29,40828,"d00333"
"334",2021-11-30,42209,"d00334"
"335",2021-12-01,44561,"d00335"
"336",2021-12-02,41779,"d00336"
"337",2021-12-03,40595,"d00337"
"338",2021-12-04,42578,"d00338"
"339",2021-12-05,37848,"d00339"
"340",2021-12-06,38357,"d00340"
"341",2021-12-07,39995,"d00341"
"342",2021-12-08,42389,"d00342"
"343",2021-12-09,37298,"d00343"
"344",2021-12-10,41194,"d00344"
"345",2021-12-11,36948,"d00345"
"346",2021-12-12,43410,"d00346"
"347",2021-12-13,39881,"d00347"
"348",2021-12-14,42754,"d00348"
"349",2021-12-15,42100,"d00349"
"350",2021-12-16,35310,"d00350"
"351",2021-12-17,45637,"d00351"
"352",2021-12-18,46010,"d00352"
"353",2021-12-19,42118,"d00353"
"354",2021-12-20,40112,"d00354"
"355",2021-12-21,40319,"d00355"
"356",2021-12-22,44614,"d00356"
"357",2021-12-23,38879,"d00357"
"358",2021-12-24,41508,"d00358"
"359",2021-12-25,43249,"d00359"
"360",2021-12-26,40968,"d00360"
"361",2021-12-27,40144,"d00361"
"362",2021-12-28,42422,"d00362"
"363",2021-12-29,39198,"d00363"
"364",2021-12-30,35040,"d00364"
"365",2021-12-31,38416,"d00365"
